{"stats":{"minecraft:used":{"rankine:alloy_sword":8,"crockpot:ceviche":2,"crockpot:watermelon_icle":2,"stone_age:flint_knife":68,"minecraft:stone":2,"create:fluid_tank":51,"create:mechanical_crafter":9,"immersiveengineering:treated_wood_horizontal":2,"create:depot":2,"minecraft:snowball":120,"rankine:banana_yucca":7,"minecraft:lava_bucket":3,"crockpot:cooked_eggplant":1,"stone_age:drying_rack":2,"minecraft:birch_sapling":9,"crockpot:cooked_egg":2,"frostedheart:copper_core_spade":3,"minecraft:bow":8,"create:shaft":22,"minecraft:oak_sapling":55,"minecraft:sweet_berries":4,"minecraft:cooked_cod":13,"charcoal_pit:bellows":5,"rankine:blackberries":11,"minecraft:dark_prismarine_stairs":6,"charcoal_pit:fertilizer":32,"rankine:breccia":278,"crockpot:flower_salad":1,"rankine:dolostone":39,"minecraft:sand":12,"frostedheart:copper_geologists_hammer":7,"immersiveengineering:hammer":28,"steampowered:bronze_burner":3,"stone_age:millstone":1,"create:basin":5,"rankine:mortar":2,"minecraft:light_gray_carpet":23,"charcoal_pit:coal_pile":2,"frostedheart:rye_block":1561,"minecraft:cooked_salmon":4,"rankine:bronze_door":4,"minecraft:torch":379,"stone_age:cooked_venison":10,"charcoal_pit:mechanical_bellows":2,"crockpot:potato_souffle":1,"rankine:bronze_shovel":203,"stone_age:fat":10,"create:wrench":139,"rankine:flint_hoe":45,"rankine:hornblende_andesite":1,"stone_age:stone_chest":7,"minecraft:barrel":1,"minecraft:tripwire_hook":2,"create:fluid_pipe":13,"comforts:sleeping_bag_white":3,"rankine:strawberries":1,"charcoal_pit:ceramic_pot":3,"crockpot:perogies":1,"charcoal_pit:sandy_collector":6,"watersource:wooden_cup":79,"create:encased_fan":4,"minecraft:crafting_table":2,"minecraft:white_bed":2,"minecraft:campfire":3,"minecraft:cod":2,"rankine:flint_pickaxe":979,"rankine:bronze_pickaxe":3091,"minecraft:oak_log":34,"rankine:flint_shovel":208,"steampowered:bronze_cogwheel":75,"crockpot:crock_pot_basic":1,"charcoal_pit:sandy_tuyere":2,"rankine:snowberries":12,"watersource:wooden_cup_drink":13,"rankine:toast":1,"minecraft:cooked_porkchop":2,"minecraft:stripped_oak_log":1,"stone_age:fishing_net":3,"charcoal_pit:log_pile":56,"minecraft:shield":59,"stone_age:flint_workbench":13,"steampowered:bronze_large_cogwheel":58,"rankine:bronze_sword":262,"frostedheart:copper_pro_pick":20,"create:speedometer":1,"stone_age:tree_stump":2,"minecraft:glass":3,"rankine:flint_spear":138,"minecraft:lantern":8,"steampowered:bronze_boiler":3,"create:millstone":1,"minecraft:stone_bricks":2,"rankine:bronze_axe":298,"minecraft:repeater":10,"charcoal_pit:main_bloomery":2,"minecraft:gray_carpet":32,"minecraft:oak_planks":2,"rankine:flint_knife":470,"minecraft:sugar_cane":3,"stone_age:cooked_fat":6,"rankine:rope":4,"frostedheart:white_turnip_block":345,"rankine:raspberries":31,"extendedcrafting:advanced_table":1,"minecraft:redstone_torch":17,"minecraft:lever":25,"crockpot:kabobs":3,"minecraft:bread":16,"rankine:flint_axe":639,"create:andesite_casing":2,"minecraft:gravel":73,"create:stressometer":1,"minecraft:andesite":36,"minecraft:chain":2,"minecraft:bone_meal":72,"crockpot:fruit_medley":1,"rankine:invar_pickaxe":248,"crockpot:surf_n_turf":2,"minecraft:flint_and_steel":2,"crockpot:iced_tea":1,"minecraft:redstone":6,"crockpot:veg_stinger":2,"charcoal_pit:cracked_pot":61,"crockpot:gazpacho":1,"minecraft:cooked_chicken":4,"minecraft:oak_door":1,"minecraft:dirt":390,"create:mechanical_pump":27,"create:mechanical_mixer":4,"crockpot:fish_tacos":1,"stone_age:tanning_rack":4,"steampowered:bronze_steam_engine":6,"rankine:invar_shovel":188,"rankine:tufa_limestone":114,"minecraft:smooth_sandstone":1,"primalwinter:snowy_vine":10,"immersiveengineering:blastbrick":60,"minecraft:cooked_beef":35,"minecraft:cooked_mutton":1,"minecraft:baked_potato":1,"steampowered:bronze_flywheel":18,"frostedheart:thermos":260,"frostedheart:rye_bread":158,"crockpot:monster_lasagna":1,"rankine:black_marble":8,"minecraft:black_wool":1,"minecraft:apple":22,"frostedheart:generator_ash":4,"minecraft:map":2,"minecraft:stone_slab":4,"charcoal_pit:barrel":5,"minecraft:white_banner":4,"stone_age:dried_grass_bed":1,"rankine:komatiite":40,"crockpot:wet_goop":2,"minecraft:bucket":6,"create:hand_crank":51,"minecraft:splash_potion":1,"charcoal_pit:sandy_brick":14},"minecraft:mined":{"minecraft:dark_prismarine_stairs":7,"charcoal_pit:mechanical_bellows":1,"minecraft:white_bed":1,"charcoal_pit:bloomery":33,"create:andesite_casing":2,"immersiveengineering:blastbrick":25,"stone_age:fishing_net":2,"charcoal_pit:log_pile":11,"minecraft:tall_seagrass":1,"rankine:bituminous_ore":361,"minecraft:fire":45,"rankine:stibnite_ore":5,"minecraft:brown_mushroom":5,"charcoal_pit:sandy_brick":7,"minecraft:torch":15,"steampowered:bronze_boiler":2,"rankine:pyrite_ore":85,"minecraft:glass":2,"stone_age:tanning_rack":3,"minecraft:sugar_cane":8,"rankine:rope":4,"minecraft:birch_sapling":1,"create:basin":4,"minecraft:chain":4,"rankine:breccia":736,"minecraft:repeater":8,"rankine:sphalerite_ore":31,"steampowered:bronze_steam_engine":4,"create:mechanical_mixer":3,"charcoal_pit:coal_pile":1,"rankine:blackberry_bush":6,"primalwinter:snowy_oak_log":308,"create:hand_crank":33,"rankine:cinnabar_ore":13,"rankine:cassiterite_ore":49,"create:fluid_tank":43,"primalwinter:snowy_birch_log":19,"steampowered:bronze_flywheel":10,"minecraft:redstone_wire":4,"create:encased_fan":2,"rankine:tufa_limestone":213,"minecraft:red_mushroom":5,"create:shaft":20,"minecraft:snow":25,"rankine:native_copper_ore":219,"frostedheart:rye_block":1442,"minecraft:andesite":77,"minecraft:white_wool":1,"rankine:magnetite_ore":188,"primalwinter:snowy_dirt":107,"rankine:native_gold_ore":11,"frostedheart:copper_gravel":1,"minecraft:light_gray_carpet":21,"minecraft:dandelion":1,"rankine:raspberry_bush":8,"minecraft:smooth_sandstone":1,"create:fluid_pipe":10,"create:mechanical_pump":22,"rankine:pegmatite":25,"minecraft:campfire":3,"charcoal_pit:bellows":5,"rankine:gray_granite":13,"minecraft:tall_grass":3,"charcoal_pit:pottery_kiln":129,"rankine:halite_ore":9,"charcoal_pit:mainbloomery":1,"minecraft:gravel":169,"minecraft:stone_bricks":3,"minecraft:infested_stone":5,"charcoal_pit:wood_ash":40,"steampowered:bronze_burner":2,"minecraft:grass_block":1,"rankine:komatiite":32,"rankine:pentlandite_ore":124,"charcoal_pit:sandy_tuyere":1,"rankine:lignite_ore":854,"comforts:sleeping_bag_white":3,"rankine:bronze_door":4,"rankine:bauxite_ore":67,"stone_age:dried_grass_bed":1,"minecraft:iron_bars":2,"rankine:snowberry_bush":8,"charcoal_pit:ceramic_pot":1,"rankine:native_silver_ore":8,"minecraft:clay":117,"steampowered:bronze_large_cogwheel":29,"minecraft:cobblestone":14,"minecraft:oak_planks":1,"minecraft:wall_torch":30,"create:glass_fluid_pipe":2,"rankine:white_marble":19,"minecraft:birch_log":1,"minecraft:oak_log":138,"minecraft:sand":204,"minecraft:dirt":327,"minecraft:tripwire_hook":1,"minecraft:oak_leaves":290,"frostedheart:white_turnip_block":237,"primalwinter:snowy_oak_leaves":186,"immersiveengineering:blast_furnace":1,"rankine:yellow_birch_leaves":16,"rankine:red_dacite":13,"minecraft:oak_door":1,"rankine:malachite_ore":256,"minecraft:lever":18,"rankine:black_marble":49,"steampowered:bronze_cogwheel":46,"create:depot":1,"charcoal_pit:sandy_collector":5,"primalwinter:snowy_sand":6,"rankine:kaolinite_block":1,"rankine:elderberry_bush":7,"immersiveengineering:treated_wood_horizontal":2,"stone_age:flint_workbench":11,"rankine:mica_schist":2,"minecraft:lantern":6,"minecraft:stripped_oak_log":1,"minecraft:packed_ice":5,"stone_age:stone_chest":6,"minecraft:stone":2,"primalwinter:snowy_birch_leaves":21,"minecraft:redstone_wall_torch":8,"rankine:dolostone":102,"minecraft:sweet_berry_bush":1,"minecraft:ice":99,"minecraft:white_wall_banner":2,"minecraft:bee_nest":1,"minecraft:gray_carpet":15,"primalwinter:snowy_spruce_leaves":4,"primalwinter:snowy_vine":8,"charcoal_pit:barrel":3,"rankine:black_dacite":17,"rankine:limestone_nodule":7},"minecraft:killed_by":{"minecraft:pillager":2,"minecraft:zombie":5,"stone_age:mouflon":1,"minecraft:stray":3,"minecraft:creeper":8,"minecraft:silverfish":2,"minecraft:skeleton":11},"minecraft:custom":{"minecraft:interact_with_crafting_table":256,"minecraft:open_barrel":944,"minecraft:leave_game":34,"minecraft:time_since_death":577330,"minecraft:damage_blocked_by_shield":2270,"minecraft:deaths":42,"minecraft:jump":23494,"minecraft:sleep_in_bed":22,"minecraft:damage_dealt":20854,"minecraft:sneak_time":117412,"minecraft:time_since_rest":12733,"minecraft:swim_one_cm":40851,"minecraft:fly_one_cm":3227412,"minecraft:open_chest":511,"minecraft:fall_one_cm":365031,"minecraft:sprint_one_cm":3875648,"minecraft:drop":735,"minecraft:talked_to_villager":1,"minecraft:walk_on_water_one_cm":103917,"minecraft:play_one_minute":2391484,"minecraft:player_kills":2,"minecraft:crouch_one_cm":265735,"minecraft:mob_kills":161,"minecraft:interact_with_campfire":374,"minecraft:climb_one_cm":29864,"minecraft:walk_one_cm":5416336,"minecraft:walk_under_water_one_cm":121874,"minecraft:damage_taken":22246},"minecraft:killed":{"stone_age:terror_bird":3,"minecraft:skeleton":22,"minecraft:chicken":4,"stone_age:deer":14,"minecraft:pillager":3,"minecraft:zombie":30,"minecraft:cow":23,"minecraft:wandering_trader":1,"stone_age:fowl":3,"minecraft:spider":5,"minecraft:silverfish":18,"minecraft:pig":3,"minecraft:creeper":2,"minecraft:sheep":9,"minecraft:trader_llama":1,"minecraft:stray":3},"minecraft:broken":{"stone_age:flint_knife":5,"rankine:bronze_axe":4,"minecraft:iron_boots":2,"minecraft:iron_leggings":2,"rankine:bronze_pickaxe":9,"rankine:flint_axe":9,"rankine:bronze_sword":2,"minecraft:leather_helmet":1,"rankine:bronze_shovel":2,"rankine:invar_pickaxe":1,"minecraft:iron_helmet":4,"rankine:flint_pickaxe":6,"minecraft:flint_and_steel":1,"minecraft:leather_chestplate":1,"rankine:flint_spear":2,"rankine:flint_knife":6,"minecraft:leather_boots":1,"rankine:flint_shovel":1},"minecraft:crafted":{"rankine:beehive_oven_pit":1,"rankine:rope":32,"rankine:invar_pickaxe":1,"minecraft:lever":1,"charcoal_pit:bellows":1,"minecraft:repeater":1,"rankine:bronze_shovel":2,"rankine:bronze_axe":12,"create:rose_quartz":4,"immersiveengineering:slab_treated_wood_horizontal":12,"minecraft:oak_wood":3,"frostedheart:rye_bread":464,"minecraft:campfire":1,"charcoal_pit:main_bloomery":1,"create:encased_fan":1,"steampowered:bronze_boiler":1,"frostedheart:thermos":1,"minecraft:compass":2,"minecraft:gold_ingot":2,"minecraft:sandstone":9,"rankine:flint_shovel":2,"create:propeller":3,"stone_age:flint_knife":8,"create:wrench":1,"minecraft:iron_nugget":9,"charcoal_pit:log_pile":31,"comforts:sleeping_bag_white":1,"steampowered:bronze_burner":1,"charcoal_pit:coal_pile":2,"rankine:lignite_block":1,"minecraft:bone_meal":105,"stone_age:millstone":1,"crockpot:crock_pot_basic":1,"stone_age:drying_rack":1,"create:electron_tube":3,"rankine:andesite_bricks":6,"create:goggles":1,"minecraft:leather_helmet":1,"rankine:flint_pickaxe":9,"rankine:copper_nugget":18,"create:speedometer":2,"minecraft:oak_log":36,"extendedcrafting:handheld_table":1,"minecraft:iron_leggings":2,"rankine:black_birch_wood":3,"minecraft:white_bed":1,"create:shaft":24,"rankine:cast_iron_rod":12,"create:copper_casing":8,"rankine:refractory_bricks":16,"minecraft:barrel":2,"charcoal_pit:mechanical_bellows":1,"create:andesite_casing":4,"stone_age:tree_stump":2,"kubejs:clay_bucket":1,"rankine:flint_hoe":1,"minecraft:iron_boots":2,"charcoal_pit:clay_pot":51,"frostedheart:hay_hat":1,"create:depot":1,"rankine:bronze_pickaxe":39,"extendedcrafting:advanced_table":1,"minecraft:crafting_table":5,"create:fluid_pipe":12,"minecraft:iron_helmet":2,"rankine:flint_knife":11,"create:sand_paper":1,"create:stressometer":1,"steampowered:bronze_large_cogwheel":6,"minecraft:iron_chestplate":3,"immersiveengineering:blastbrick":28,"minecraft:shield":1,"create:brass_casing":4,"create:mechanical_pump":4,"minecraft:leather_chestplate":1,"immersiveengineering:stick_treated":4,"minecraft:redstone_torch":9,"rankine:bronze_hammer":4,"minecraft:coal":1091,"rankine:snowshoes":1,"steampowered:bronze_cogwheel":16,"charcoal_pit:fertilizer":32,"minecraft:piston":1,"charcoal_pit:fire_starter":63,"create:millstone":1,"create:fluid_tank":8,"rankine:pulp":2,"charcoal_pit:barrel":1,"create:hand_crank":2,"rankine:bronze_sword":2,"charcoal_pit:sandy_brick":4,"rankine:quicklime_block":2,"minecraft:bucket":1,"minecraft:white_dye":2,"create:mechanical_crafter":9,"charcoal_pit:unfired_sandy_brick":8,"minecraft:torch":408,"frostedheart:straw_lining":4},"minecraft:dropped":{"rankine:copper_nugget":15,"rankine:maple_log":1,"minecraft:cooked_beef":5,"minecraft:glass_bottle":2,"rankine:dolostone":18,"minecraft:dirt":53,"minecraft:gold_nugget":20,"rankine:pegmatite":26,"create:goggles":2,"minecraft:sand":54,"rankine:sphalerite":60,"rankine:bronze_hammer":2,"minecraft:iron_pickaxe":1,"rankine:rope":11,"minecraft:bone":13,"kubejs:charcoal_briquette":3,"charcoal_pit:clay_pot":1,"kubejs:straw_briquette":2,"weatherforecast:weather_helmet":1,"rankine:maple_sapling":2,"crockpot:corn_seeds":1,"minecraft:birch_sapling":4,"charcoal_pit:coal_pile":1,"frostedheart:rye_block":1634,"rankine:mortar":64,"minecraft:rotten_flesh":16,"minecraft:oak_planks":13,"kubejs:frozen_seeds_unknown":46,"minecraft:light_gray_carpet":1,"kubejs:frozen_seeds_wheat":18,"rankine:bronze_alloy":10,"watersource:primitive_strainer":1,"rankine:pulp":9,"kubejs:frozen_seeds_melon":6,"minecraft:charcoal":169,"create:wrench":2,"rankine:jute_seeds":2,"minecraft:egg":1,"create:mechanical_mixer":1,"create:rose_quartz":1,"crockpot:surf_n_turf":1,"minecraft:cobblestone":2,"minecraft:feather":6,"crockpot:unknown_seeds":2,"kubejs:frozen_seeds_beetroots":8,"minecraft:coal":41,"minecraft:pufferfish":16,"rankine:bronze_axe":1,"rankine:black_birch_sapling":8,"charcoal_pit:straw":46,"rankine:black_birch_log":10,"minecraft:potion":1,"minecraft:smooth_sandstone":5,"create:sand_paper":2,"rankine:lignite":1,"minecraft:stone_brick_slab":1,"rankine:corn_seeds":1,"stone_age:flint_knife":4,"rankine:black_birch_planks":2,"rankine:flint_knife":2,"charcoal_pit:log_pile":1,"crockpot:cooked_egg":11,"stone_age:raw_hide":1,"minecraft:clay_ball":78,"minecraft:iron_boots":1,"frostedheart:thermos":7,"create:copper_sheet":3,"rankine:malachite":150,"rankine:asparagus_seeds":2,"rankine:bronze_shovel":1,"rankine:tufa_limestone":64,"kubejs:frozen_seeds_blackwheat":8,"minecraft:stone":2,"kubejs:sawdust_briquette":8,"minecraft:barrel":2,"minecraft:sandstone":14,"frostedheart:generator_ash":62,"minecraft:bow":2,"stone_age:stone_chest":4,"crockpot:eggplant_seeds":2,"rankine:yellow_birch_sapling":1,"minecraft:oak_log":452,"rankine:alloy_sword":1,"rankine:flint_pickaxe":8,"crockpot:pepper_seeds":2,"rankine:kaolinite_block":1,"watersource:wooden_cup":4,"kubejs:frozen_porkchop":1,"minecraft:flint":73,"rankine:yellow_birch_slab":4,"immersiveengineering:coal_coke":3,"rankine:flint_shovel":1,"minecraft:snowball":795,"ftbquests:book":6,"minecraft:birch_log":51,"rankine:snowberries":10,"minecraft:gravel":40,"weatherforecast:weather_radar":6,"stone_age:fish_bone":1,"rankine:copper_ingot":27,"rankine:stone_hammer":2,"minecraft:carrot":2,"minecraft:poppy":2,"kubejs:kaolin_dust":78,"charcoal_pit:ash":444,"rankine:invar_shovel":3,"minecraft:oak_wood":3,"immersiveengineering:manual":1,"minecraft:beetroot_seeds":11,"minecraft:melon_seeds":1,"rankine:flint_axe":8,"minecraft:arrow":14,"rankine:white_marble":2,"frostedheart:straw_lining":1,"immersiveengineering:seed":3,"rankine:sawdust":22,"rankine:hornblende_andesite":1,"minecraft:water_bucket":1,"rankine:flower_seeds":6,"crockpot:asparagus_seeds":1,"steampowered:bronze_cogwheel":8,"rankine:breccia":355,"charcoal_pit:sandy_collector":1,"kubejs:impure_alumina_dust":65,"rankine:cotton_seeds":4,"rankine:bronze_pickaxe":6,"watersource:leather_water_bag":3,"minecraft:stick":411,"crockpot:onion_seeds":2,"minecraft:torch":41,"kubejs:flux":3,"watersource:wooden_cup_drink":6,"minecraft:iron_leggings":2,"minecraft:dandelion":4,"primalwinter:snowy_vine":39,"create:shaft":5,"minecraft:dark_prismarine_stairs":1,"stone_age:flint_workbench":1,"charcoal_pit:cracked_pot":1,"minecraft:flint_and_steel":1,"minecraft:filled_map":3,"minecraft:andesite":1,"minecraft:iron_chestplate":3,"frostedheart:ceramic_bucket":5,"minecraft:oak_sapling":148,"kubejs:frozen_seeds_pumpkin":5,"kubejs:frozen_beef":3,"minecraft:brick":8},"minecraft:picked_up":{"minecraft:iron_chestplate":4,"kubejs:frozen_seeds_blackwheat":9,"crockpot:asparagus_seeds":2,"steampowered:bronze_large_cogwheel":29,"minecraft:lead":16,"minecraft:stone_slab":10,"rankine:bronze_door":4,"charcoal_pit:clay_pot":13,"immersiveengineering:blastbrick":33,"charcoal_pit:mechanical_bellows":1,"minecraft:string":7,"minecraft:cooked_salmon":4,"frostedheart:thermos":56,"minecraft:pufferfish":6,"minecraft:gold_nugget":27,"crockpot:potato_tornado":1,"rankine:black_birch_log":76,"rankine:corn_seeds":2,"kubejs:invar_steel_plate":29,"charcoal_pit:bellows":6,"create:andesite_casing":2,"kubejs:frozen_seeds_unknown":56,"rankine:copper_ingot":36,"rankine:sawdust":9,"minecraft:rabbit_foot":3,"frostedheart:copper_pro_pick":1,"rankine:bituminous_coal":365,"charcoal_pit:sandy_collector":7,"rankine:flower_seeds":5,"watersource:coconut_milk_bottle":1,"stone_age:flint_workbench":13,"minecraft:iron_bars":4,"minecraft:snowball":960,"minecraft:birch_log":162,"minecraft:feather":26,"minecraft:cooked_beef":46,"rankine:fire_clay_ball":22,"rankine:flint_axe":15,"minecraft:flint":512,"rankine:black_birch_sapling":15,"stone_age:leather_strip":20,"minecraft:map":1,"minecraft:lantern":10,"ftbquests:book":15,"create:goggles":1,"immersiveengineering:plate_gold":1,"charcoal_pit:main_bloomery":1,"create:shaft":21,"kubejs:native_copper":218,"rankine:yellow_birch_slab":4,"rankine:kaolinite_ball":51,"rankine:raspberries":8,"rankine:hornblende_andesite":1,"crockpot:corn_seeds":3,"immersiveengineering:ingot_nickel":42,"rankine:cinnabar":13,"rankine:alloy_sword":1,"charcoal_pit:sandy_tuyere":2,"minecraft:barrel":1,"stone_age:tanning_rack":4,"frostedheart:copper_geologists_hammer":2,"charcoal_pit:bloom_nickel_cool":8,"minecraft:lever":24,"kubejs:frozen_beef":51,"minecraft:light_gray_carpet":22,"kubejs:straw_briquette":1,"create:copper_sheet":28,"frostedheart:rye_block":3841,"minecraft:crafting_table":2,"steampowered:bronze_sheet":97,"minecraft:clay_ball":566,"steampowered:bronze_burner":2,"rankine:flint_spear":2,"immersiveengineering:manual":2,"create:fluid_pipe":12,"minecraft:flint_and_steel":2,"rankine:toast":1,"kubejs:wet_straw_briquette":1,"minecraft:beef":37,"stone_age:dried_grass_bed":1,"rankine:maple_sapling":2,"minecraft:poppy":2,"kubejs:halite":9,"minecraft:birch_sapling":17,"rankine:pegmatite":51,"minecraft:egg":7,"create:polished_rose_quartz":1,"minecraft:sandstone":5,"minecraft:stone":68,"minecraft:oak_door":1,"stone_age:fish_bone":7,"steampowered:bronze_boiler":2,"rankine:red_dacite":15,"kubejs:frozen_seeds_wheat":19,"rankine:flint_pickaxe":15,"minecraft:carrot":4,"minecraft:redstone":5,"kubejs:frozen_chicken":7,"kubejs:frozen_white_turnip":7,"minecraft:cooked_cod":10,"minecraft:beetroot_seeds":10,"kubejs:frozen_seeds_beetroots":9,"rankine:stibnite":7,"crockpot:cooked_egg":16,"create:depot":1,"kubejs:cast_iron_plate":6,"rankine:mica_schist":2,"rankine:tufa_limestone":368,"minecraft:mutton":3,"rankine:magnetite":188,"minecraft:white_wool":7,"kubejs:sawdust_briquette":10,"minecraft:stripped_oak_log":1,"crockpot:pepper_seeds":1,"create:iron_sheet":15,"create:brass_sheet":2,"stone_age:fat":15,"minecraft:tripwire_hook":1,"minecraft:red_mushroom":5,"minecraft:filled_map":2,"rankine:flint_shovel":4,"minecraft:oak_log":1276,"rankine:copper_nugget":15,"minecraft:paper":2,"minecraft:white_banner":4,"rankine:refractory_brick":40,"crockpot:fish_tacos":1,"minecraft:apple":23,"minecraft:stone_bricks":9,"minecraft:glass_bottle":2,"minecraft:sweet_berries":3,"rankine:strawberries":1,"steampowered:bronze_cogwheel":46,"minecraft:gravel":215,"rankine:quicklime":89,"rankine:kaolinite_block":8,"minecraft:leather_helmet":1,"minecraft:oak_wood":3,"rankine:alumina":26,"frostedheart:straw_lining":4,"charcoal_pit:barrel":4,"immersiveengineering:seed":3,"create:mechanical_pump":22,"kubejs:clay_bucket":1,"minecraft:gray_wool":1,"minecraft:baked_potato":1,"minecraft:melon_seeds":1,"watersource:wooden_cup_drink":155,"minecraft:ender_pearl":1,"rankine:bronze_alloy":4,"rankine:rope":17,"minecraft:potion":2,"rankine:yellow_birch_log":38,"steampowered:bronze_steam_engine":4,"charcoal_pit:ceramic_pot":3,"rankine:lignite":829,"minecraft:iron_leggings":3,"rankine:yellow_birch_planks":9,"create:sand_paper":2,"rankine:sphalerite":76,"frostedheart:copper_core_spade":1,"comforts:sleeping_bag_white":3,"rankine:jute_seeds":2,"charcoal_pit:bloom_fail":16,"rankine:gray_granite":13,"minecraft:redstone_torch":13,"minecraft:iron_pickaxe":1,"minecraft:iron_boots":2,"minecraft:tipped_arrow":2,"minecraft:stick":1458,"stone_age:cooked_fat":14,"create:mechanical_mixer":3,"minecraft:torch":81,"charcoal_pit:sandy_brick_item":41,"rankine:yellow_birch_sapling":5,"minecraft:porkchop":4,"minecraft:rotten_flesh":53,"crockpot:onion_seeds":3,"minecraft:cod":8,"minecraft:cobblestone":17,"immersiveengineering:slab_treated_wood_horizontal":13,"rankine:cotton_seeds":3,"rankine:invar_shovel":1,"minecraft:leather_chestplate":1,"create:fluid_tank":43,"minecraft:repeater":10,"minecraft:andesite":82,"minecraft:potato":3,"rankine:breccia":800,"crockpot:unknown_seeds":3,"minecraft:dirt":417,"frostedheart:white_turnip_block":817,"minecraft:glass":19,"minecraft:bone":163,"minecraft:bow":4,"crockpot:kabobs":2,"rankine:bronze_shovel":1,"stone_age:stone_chest":11,"rankine:cassiterite":49,"minecraft:oak_planks":103,"primalwinter:snowy_vine":663,"rankine:flint_knife":1,"minecraft:cooked_porkchop":4,"stone_age:cooked_venison":13,"rankine:stone_hammer":3,"rankine:pentlandite":125,"minecraft:sand":280,"kubejs:bauxite":67,"rankine:white_marble":21,"crockpot:tomato_seeds":1,"rankine:zinc_ingot":15,"minecraft:oak_sapling":216,"stone_age:raw_hide":45,"charcoal_pit:bloom_cool":17,"stone_age:venison":10,"minecraft:charcoal":257,"charcoal_pit:coal_pile":3,"minecraft:splash_potion":1,"minecraft:chicken":9,"minecraft:brown_mushroom":5,"stone_age:flint_knife":12,"rankine:bronze_hammer":4,"crockpot:ceviche":1,"minecraft:chain":6,"charcoal_pit:straw":755,"rankine:snowberries":22,"minecraft:brick":8,"rankine:blackberries":13,"minecraft:dark_prismarine_stairs":7,"crockpot:eggplant_seeds":2,"create:basin":4,"stone_age:drying_rack":1,"minecraft:sugar_cane":39,"kubejs:frozen_venison":20,"kubejs:gold":11,"weatherforecast:weather_helmet":2,"rankine:pulp":7,"create:hand_crank":47,"watersource:leather_water_bag":3,"watersource:wooden_cup":4,"minecraft:arrow":40,"rankine:banana_yucca":3,"stone_age:fishing_net":3,"rankine:dolostone":137,"charcoal_pit:log_pile":30,"steampowered:bronze_flywheel":15,"rankine:bandage":48,"rankine:black_marble":58,"minecraft:leather":35,"frostedheart:ceramic_bucket":7,"charcoal_pit:unfired_sandy_brick":28,"minecraft:gunpowder":6,"watersource:primitive_strainer":1,"immersiveengineering:treated_wood_horizontal":9,"frostedheart:rye":1387,"minecraft:cooked_mutton":3,"minecraft:smooth_sandstone":9,"rankine:black_birch_planks":4,"charcoal_pit:cracked_pot":62,"minecraft:gray_carpet":28,"stone_age:antler":33,"minecraft:iron_ingot":203,"minecraft:cooked_chicken":9,"kubejs:frozen_seeds_pumpkin":8,"rankine:komatiite":80,"kubejs:frozen_fat":23,"kubejs:pyrite":117,"kubejs:silver":6,"minecraft:oak_slab":6,"minecraft:stone_brick_slab":1,"crockpot:surf_n_turf":1,"minecraft:quartz":2,"minecraft:dandelion":4,"stone_age:grass_mesh":4,"minecraft:white_bed":1,"weatherforecast:weather_radar":6,"rankine:rice_seeds":1,"kubejs:frozen_mutton":12,"kubejs:frozen_porkchop":5,"minecraft:pumpkin_seeds":6,"rankine:asparagus_seeds":2,"rankine:bronze_pickaxe":2,"rankine:malachite":357,"kubejs:flux":142,"minecraft:campfire":2,"minecraft:iron_helmet":2,"minecraft:chainmail_leggings":1,"create:encased_fan":2,"charcoal_pit:sandy_brick":11,"rankine:black_dacite":22,"charcoal_pit:ash":917,"minecraft:black_wool":2,"minecraft:coal":111,"kubejs:frozen_seeds_melon":9}},"DataVersion":2586}