{"stats":{"minecraft:killed_by":{"minecraft:pillager":1,"minecraft:zombie":1,"minecraft:player":2,"minecraft:skeleton":1},"minecraft:crafted":{"immersiveengineering:coke":1,"rankine:rope":16,"charcoal_pit:thatch":1,"rankine:flint_hoe":1,"minecraft:bow":2,"rankine:bronze_shovel":4,"frostedheart:generator_brick":21,"rankine:bronze_axe":2,"rankine:bronze_door":1,"minecraft:stone_pressure_plate":1,"stone_age:flint_workbench":1,"charcoal_pit:clay_pot":9,"minecraft:stone_bricks":60,"rankine:bronze_pickaxe":4,"minecraft:crafting_table":1,"rankine:flint_knife":9,"frostedheart:rye_bread":5,"minecraft:campfire":1,"frostedheart:generator_core_t1":1,"minecraft:shield":1,"rankine:flint_shovel":3,"minecraft:coal":48,"stone_age:flint_knife":3,"charcoal_pit:fertilizer":6,"minecraft:bone_meal":96,"rankine:polished_tufa_limestone":64,"frostedheart:hide_jacket":1,"minecraft:flint_and_steel":1,"charcoal_pit:fire_starter":10,"rankine:invar_shovel":1,"stone_age:drying_rack":2,"rankine:polished_breccia":64,"frostedheart:hay_jacket":1,"stone_age:dried_grass":1,"rankine:flint_pickaxe":8,"charcoal_pit:unfired_brick":144,"frostedheart:generator_amplifier_r1":8},"minecraft:dropped":{"minecraft:cooked_beef":6,"minecraft:oak_log":60,"minecraft:baked_potato":1,"minecraft:cooked_porkchop":1,"charcoal_pit:coke":7,"minecraft:lantern":1,"rankine:black_walnut_log":7,"rankine:flint_pickaxe":4,"rankine:dolostone":1,"watersource:wooden_cup":1,"minecraft:flint":2,"watersource:coconut_milk_bottle":1,"minecraft:dirt":138,"immersiveengineering:coal_coke":9,"kubejs:lignite_dust":2,"minecraft:cooked_cod":2,"rankine:flint_shovel":1,"minecraft:snowball":741,"ftbquests:book":4,"minecraft:birch_log":4,"rankine:rope":1,"minecraft:bone":6,"minecraft:gravel":102,"weatherforecast:weather_helmet":2,"kubejs:straw_briquette":1,"minecraft:sugar_cane":2,"minecraft:cooked_chicken":4,"rankine:copper_ingot":32,"frostedheart:rye_block":26,"rankine:bituminous_coal":2,"minecraft:rotten_flesh":12,"rankine:stone_hammer":1,"kubejs:frozen_seeds_unknown":9,"minecraft:oak_planks":17,"kubejs:frozen_seeds_wheat":1,"minecraft:cooked_mutton":2,"rankine:rice_seeds":1,"rankine:invar_shovel":1,"kubejs:frozen_seeds_melon":2,"minecraft:charcoal":13,"rankine:flint_axe":3,"minecraft:beef":3,"rankine:yellow_birch_log":5,"charcoal_pit:thatch":1,"minecraft:wheat_seeds":4,"minecraft:iron_helmet":2,"frostedheart:rye_bread":4,"kubejs:frozen_seeds_beetroots":3,"minecraft:coal":8,"minecraft:stick":73,"charcoal_pit:straw":73,"kubejs:coal_dust":15,"minecraft:torch":14,"kubejs:flux":55,"rankine:black_birch_log":18,"kubejs:charcoal_dust":11,"watersource:wooden_cup_drink":3,"minecraft:iron_leggings":3,"rankine:lignite":2,"minecraft:dandelion":2,"rankine:corn_seeds":1,"primalwinter:snowy_vine":164,"stone_age:flint_knife":3,"rankine:flint_knife":1,"minecraft:clay_ball":40,"minecraft:iron_boots":2,"minecraft:stone_slab":1,"frostedheart:hide_jacket":1,"frostedheart:thermos":4,"create:copper_sheet":1,"frostedheart:white_turnip_block":2,"rankine:malachite":34,"rankine:flint_spear":2,"rankine:asparagus_seeds":1,"minecraft:filled_map":1,"rankine:tufa_limestone":1,"kubejs:frozen_seeds_blackwheat":4,"crockpot:tomato_seeds":1,"minecraft:iron_chestplate":2,"frostedheart:ceramic_bucket":4,"kubejs:frozen_seeds_pumpkin":3,"frostedheart:generator_ash":6,"rankine:quicklime":2,"rankine:yellow_birch_sapling":1},"minecraft:mined":{"charcoal_pit:coal_ash":1,"minecraft:stone_pressure_plate":1,"charcoal_pit:wood_ash":1,"minecraft:oak_sapling":2,"minecraft:grass_block":4,"rankine:lignite_ore":80,"rankine:bronze_door":1,"minecraft:fire":25,"minecraft:barrel":1,"frostedheart:generator_brick":29,"frostedheart:generator_core_t1":3,"rankine:yellow_birch_log":14,"rankine:stibnite_ore":30,"stone_age:drying_rack":4,"minecraft:clay":60,"minecraft:torch":1,"frostedheart:generator":1,"rankine:pyrite_ore":10,"stone_age:tanning_rack":4,"minecraft:cobblestone":2,"minecraft:sugar_cane":1,"minecraft:oak_planks":2,"rankine:blueberry_bush":1,"minecraft:wall_torch":4,"rankine:rope":2,"minecraft:seagrass":1,"rankine:breccia":590,"rankine:sphalerite_ore":22,"frostedheart:generator_amplifier_r1":8,"charcoal_pit:coal_pile":1,"minecraft:oak_log":43,"primalwinter:snowy_oak_log":31,"minecraft:sand":14,"minecraft:dirt":357,"frostedheart:white_turnip_block":1,"minecraft:oak_leaves":222,"primalwinter:snowy_oak_leaves":104,"rankine:yellow_birch_leaves":12,"rankine:red_dacite":1,"rankine:cassiterite_ore":6,"rankine:malachite_ore":61,"rankine:black_marble":4,"rankine:tufa_limestone":177,"charcoal_pit:sandy_collector":3,"rankine:kaolinite_block":1,"immersiveengineering:treated_wood_horizontal":1,"minecraft:snow":76,"rankine:native_copper_ore":15,"frostedheart:rye_block":32,"minecraft:andesite":1,"stone_age:flint_workbench":4,"minecraft:packed_ice":1,"stone_age:stone_chest":5,"minecraft:stone":1,"primalwinter:snowy_dirt":281,"rankine:raspberry_bush":17,"minecraft:crafting_table":1,"rankine:pegmatite":7,"minecraft:campfire":2,"charcoal_pit:bellows":3,"minecraft:stone_slab":2,"rankine:gray_granite":1,"rankine:black_walnut_log":8,"charcoal_pit:pottery_kiln":51,"rankine:dolostone":36,"minecraft:ice":46,"rankine:black_birch_leaves":3,"minecraft:white_wall_banner":3,"minecraft:gravel":221,"primalwinter:snowy_vine":4,"charcoal_pit:barrel":1,"rankine:black_dacite":2,"minecraft:stone_bricks":2,"rankine:limestone_nodule":2},"minecraft:broken":{"minecraft:iron_boots":1,"minecraft:iron_leggings":1,"rankine:bronze_pickaxe":4,"rankine:flint_axe":1,"rankine:flint_pickaxe":8,"rankine:bronze_shovel":1,"rankine:flint_knife":6,"rankine:flint_shovel":2},"minecraft:killed":{"minecraft:witch":1,"minecraft:spider":1,"minecraft:skeleton":5,"minecraft:silverfish":6,"minecraft:salmon":2,"minecraft:pillager":11,"minecraft:zombie":23,"minecraft:stray":1,"stone_age:boar":2},"minecraft:picked_up":{"minecraft:iron_chestplate":2,"kubejs:frozen_seeds_blackwheat":17,"crockpot:asparagus_seeds":1,"rankine:rope":3,"minecraft:lead":8,"minecraft:stone_slab":19,"rankine:bronze_door":1,"charcoal_pit:clay_pot":16,"rankine:yellow_birch_log":14,"rankine:lignite":88,"minecraft:string":2,"minecraft:iron_leggings":3,"frostedheart:thermos":12,"minecraft:pufferfish":5,"frostedheart:generator_amplifier_r1":8,"rankine:sphalerite":25,"frostedheart:copper_core_spade":1,"rankine:jute_seeds":2,"rankine:gray_granite":5,"minecraft:iron_pickaxe":1,"rankine:corn_seeds":3,"minecraft:iron_boots":2,"rankine:black_birch_log":18,"minecraft:stick":190,"create:mechanical_mixer":1,"charcoal_pit:unfired_brick":28,"minecraft:torch":26,"charcoal_pit:bellows":3,"kubejs:frozen_seeds_unknown":58,"rankine:yellow_birch_sapling":1,"minecraft:porkchop":1,"rankine:copper_ingot":16,"immersiveengineering:alloybrick":8,"kubejs:coal_dust":6,"kubejs:charcoal_dust":2,"minecraft:rotten_flesh":27,"charcoal_pit:sandy_collector":3,"stone_age:flint_workbench":3,"minecraft:iron_bars":1,"minecraft:snowball":867,"minecraft:cobblestone":21,"immersiveengineering:slab_treated_wood_horizontal":2,"minecraft:birch_log":10,"rankine:cotton_seeds":1,"rankine:invar_shovel":1,"minecraft:cooked_beef":15,"minecraft:andesite":2,"minecraft:potato":1,"rankine:flint_axe":6,"rankine:breccia":616,"minecraft:flint":199,"minecraft:lantern":1,"crockpot:unknown_seeds":45,"minecraft:dirt":623,"frostedheart:white_turnip_block":15,"rankine:mortar":64,"minecraft:bone":80,"minecraft:bow":2,"minecraft:wheat_seeds":12,"ftbquests:book":5,"stone_age:stone_chest":10,"rankine:cassiterite":6,"kubejs:native_copper":15,"minecraft:oak_planks":9,"rankine:raspberries":18,"crockpot:corn_seeds":1,"primalwinter:snowy_vine":545,"minecraft:cooked_porkchop":2,"stone_age:cooked_venison":6,"rankine:stone_hammer":1,"rankine:pentlandite":1,"minecraft:sand":12,"minecraft:ink_sac":2,"minecraft:barrel":1,"stone_age:tanning_rack":4,"crockpot:tomato_seeds":5,"kubejs:frozen_beef":3,"minecraft:chainmail_helmet":1,"minecraft:oak_sapling":14,"minecraft:light_gray_carpet":4,"stone_age:raw_hide":4,"stone_age:venison":6,"create:copper_sheet":12,"frostedheart:rye_block":104,"minecraft:charcoal":36,"minecraft:crafting_table":1,"charcoal_pit:coal_pile":2,"minecraft:clay_ball":317,"kubejs:frozen_boar_meat":1,"immersiveengineering:coal_coke":3,"stone_age:flint_knife":5,"rankine:bronze_hammer":2,"charcoal_pit:fire_starter":1,"charcoal_pit:straw":396,"minecraft:shield":1,"minecraft:brick":145,"rankine:flint_spear":2,"immersiveengineering:manual":1,"rankine:blackberries":2,"rankine:toast":2,"minecraft:beef":13,"rankine:camphor_basil_seeds":1,"stone_age:dried_grass_bed":1,"stone_age:drying_rack":5,"minecraft:sugar_cane":13,"minecraft:birch_sapling":1,"rankine:pegmatite":35,"minecraft:stone":29,"stone_age:fish_bone":3,"rankine:red_dacite":2,"kubejs:frozen_seeds_wheat":11,"rankine:flint_pickaxe":6,"weatherforecast:weather_helmet":4,"minecraft:carrot":1,"minecraft:redstone":2,"frostedheart:rye_bread":4,"minecraft:stone_pressure_plate":1,"watersource:leather_water_bag":1,"crockpot:watermelon_icle":1,"rankine:black_walnut_log":8,"watersource:wooden_cup":5,"minecraft:arrow":12,"kubejs:frozen_white_turnip":8,"minecraft:cooked_cod":2,"minecraft:beetroot_seeds":9,"kubejs:frozen_seeds_beetroots":9,"rankine:stibnite":30,"rankine:dolostone":54,"rankine:mica_schist":1,"rankine:tufa_limestone":231,"minecraft:mutton":9,"charcoal_pit:log_pile":3,"charcoal_pit:coke":16,"frostedheart:generator_brick":30,"crockpot:pepper_seeds":4,"rankine:bandage":2,"stone_age:fat":8,"rankine:black_marble":9,"frostedheart:hide_jacket":1,"frostedheart:ceramic_bucket":3,"minecraft:filled_map":1,"rankine:flint_shovel":1,"minecraft:oak_log":155,"immersiveengineering:treated_wood_horizontal":1,"frostedheart:rye":25,"minecraft:white_banner":6,"minecraft:cooked_mutton":9,"charcoal_pit:cracked_pot":13,"minecraft:stone_bricks":4,"minecraft:apple":1,"minecraft:gray_carpet":11,"minecraft:cooked_chicken":4,"kubejs:frozen_seeds_pumpkin":11,"kubejs:frozen_fat":1,"kubejs:pyrite":10,"minecraft:oak_slab":14,"frostedheart:generator_ash":15,"crockpot:surf_n_turf":1,"frostedheart:generator_core_t1":3,"minecraft:dandelion":2,"minecraft:gravel":313,"rankine:quicklime":3,"minecraft:spider_eye":1,"rankine:rice_seeds":1,"charcoal_pit:barrel":3,"minecraft:pumpkin_seeds":11,"rankine:asparagus_seeds":2,"kubejs:frozen_porkchop":1,"rankine:malachite":285,"kubejs:flux":56,"immersiveengineering:seed":2,"minecraft:campfire":1,"minecraft:iron_helmet":1,"kubejs:clay_bucket":1,"charcoal_pit:ash":119,"rankine:black_dacite":2,"minecraft:baked_potato":2,"watersource:wooden_cup_drink":40,"minecraft:melon_seeds":3,"minecraft:coal":9,"immersiveengineering:hammer":1,"kubejs:frozen_seeds_melon":7},"minecraft:custom":{"minecraft:interact_with_crafting_table":60,"minecraft:open_barrel":539,"minecraft:leave_game":18,"minecraft:time_since_death":25377,"minecraft:damage_resisted":36,"minecraft:sprint_one_cm":411981,"minecraft:damage_blocked_by_shield":695,"minecraft:drop":396,"minecraft:deaths":12,"minecraft:jump":5830,"minecraft:walk_on_water_one_cm":49103,"minecraft:play_one_minute":868386,"minecraft:sleep_in_bed":8,"minecraft:damage_dealt":8908,"minecraft:crouch_one_cm":277662,"minecraft:mob_kills":55,"minecraft:interact_with_campfire":217,"minecraft:climb_one_cm":16224,"minecraft:walk_one_cm":2135574,"minecraft:sneak_time":93561,"minecraft:walk_under_water_one_cm":30844,"minecraft:time_since_rest":25406,"minecraft:damage_taken":9197,"minecraft:swim_one_cm":23447,"minecraft:fly_one_cm":364246,"minecraft:open_chest":132,"minecraft:fall_one_cm":74840},"minecraft:used":{"rankine:alloy_sword":3,"crockpot:ceviche":1,"charcoal_pit:log_pile":3,"crockpot:watermelon_icle":1,"stone_age:flint_knife":2,"minecraft:shield":15,"minecraft:stone":1,"stone_age:flint_workbench":5,"frostedheart:copper_pro_pick":19,"minecraft:carrot":4,"immersiveengineering:treated_wood_horizontal":1,"minecraft:snowball":105,"rankine:flint_spear":25,"minecraft:birch_sapling":1,"stone_age:drying_rack":7,"minecraft:stone_bricks":7,"rankine:bronze_axe":71,"minecraft:oak_sapling":6,"charcoal_pit:bellows":3,"rankine:blackberries":4,"charcoal_pit:fertilizer":6,"rankine:breccia":26,"minecraft:gray_carpet":6,"minecraft:oak_planks":2,"rankine:flint_knife":283,"minecraft:sugar_cane":11,"stone_age:cooked_fat":2,"rankine:dolostone":25,"rankine:rope":3,"minecraft:sand":19,"frostedheart:white_turnip_block":26,"rankine:raspberries":15,"crockpot:turkey_dinner":1,"minecraft:bread":1,"minecraft:gravel":212,"rankine:flint_axe":186,"minecraft:pufferfish":1,"rankine:bronze_hammer":4,"minecraft:birch_log":1,"minecraft:bone_meal":127,"crockpot:fruit_medley":2,"crockpot:surf_n_turf":1,"crockpot:iced_tea":1,"minecraft:light_gray_carpet":2,"crockpot:veg_stinger":1,"charcoal_pit:coal_pile":2,"frostedheart:rye_block":76,"frostedheart:generator_core_t1":4,"charcoal_pit:cracked_pot":13,"crockpot:potato_tornado":3,"crockpot:gazpacho":2,"rankine:bronze_door":2,"minecraft:torch":40,"minecraft:dirt":459,"stone_age:cooked_venison":3,"crockpot:fish_tacos":2,"stone_age:tanning_rack":4,"crockpot:potato_souffle":1,"rankine:invar_shovel":178,"rankine:bronze_shovel":337,"stone_age:fat":1,"rankine:tufa_limestone":18,"rankine:flint_hoe":1,"stone_age:stone_chest":10,"minecraft:barrel":1,"primalwinter:snowy_vine":4,"rankine:black_walnut_log":1,"minecraft:stone_pressure_plate":2,"minecraft:cooked_beef":7,"minecraft:cooked_mutton":5,"minecraft:baked_potato":1,"frostedheart:generator_brick":51,"frostedheart:thermos":83,"charcoal_pit:sandy_collector":2,"frostedheart:rye_bread":21,"watersource:wooden_cup":20,"minecraft:crafting_table":1,"minecraft:campfire":2,"rankine:flint_pickaxe":601,"rankine:bronze_pickaxe":529,"minecraft:oak_log":2,"minecraft:apple":7,"rankine:flint_shovel":177,"minecraft:stone_slab":3,"charcoal_pit:barrel":3,"rankine:snowberries":5,"watersource:wooden_cup_drink":2,"frostedheart:generator_amplifier_r1":16,"rankine:toast":1,"minecraft:cobblestone":13,"rankine:gray_granite":5,"minecraft:white_banner":6,"stone_age:dried_grass_bed":1}},"DataVersion":2586}