{"stats":{"minecraft:killed_by":{"minecraft:pillager":2,"minecraft:zombie":5,"stone_age:mouflon":1,"minecraft:stray":3,"minecraft:creeper":8,"minecraft:silverfish":2,"minecraft:skeleton":5},"minecraft:crafted":{"rankine:rope":30,"minecraft:lever":1,"charcoal_pit:bellows":1,"minecraft:repeater":1,"rankine:bronze_shovel":2,"rankine:bronze_axe":11,"minecraft:oak_wood":3,"frostedheart:rye_bread":168,"minecraft:campfire":1,"charcoal_pit:main_bloomery":1,"minecraft:gold_ingot":2,"rankine:flint_shovel":2,"stone_age:flint_knife":8,"create:wrench":1,"charcoal_pit:log_pile":31,"comforts:sleeping_bag_white":1,"minecraft:bone_meal":105,"stone_age:millstone":1,"crockpot:crock_pot_basic":1,"stone_age:drying_rack":1,"rankine:andesite_bricks":6,"create:goggles":1,"minecraft:leather_helmet":1,"rankine:flint_pickaxe":6,"rankine:copper_nugget":9,"minecraft:oak_log":36,"minecraft:iron_leggings":2,"rankine:black_birch_wood":3,"minecraft:white_bed":1,"create:shaft":3,"create:copper_casing":4,"rankine:refractory_bricks":16,"minecraft:barrel":2,"charcoal_pit:mechanical_bellows":1,"stone_age:tree_stump":2,"kubejs:clay_bucket":1,"rankine:flint_hoe":1,"minecraft:iron_boots":2,"charcoal_pit:clay_pot":37,"rankine:bronze_pickaxe":25,"create:fluid_pipe":6,"minecraft:iron_helmet":2,"rankine:flint_knife":10,"steampowered:bronze_large_cogwheel":2,"minecraft:iron_chestplate":3,"immersiveengineering:blastbrick":24,"minecraft:shield":1,"minecraft:leather_chestplate":1,"create:mechanical_pump":1,"immersiveengineering:stick_treated":4,"minecraft:redstone_torch":6,"rankine:bronze_hammer":3,"minecraft:coal":1015,"rankine:snowshoes":1,"steampowered:bronze_cogwheel":4,"charcoal_pit:fertilizer":32,"minecraft:piston":1,"charcoal_pit:fire_starter":52,"create:fluid_tank":4,"charcoal_pit:barrel":1,"create:hand_crank":1,"rankine:bronze_sword":2,"charcoal_pit:sandy_brick":4,"minecraft:white_dye":2,"charcoal_pit:unfired_sandy_brick":8,"minecraft:torch":256,"frostedheart:straw_lining":4},"minecraft:dropped":{"rankine:maple_log":1,"minecraft:cooked_beef":5,"minecraft:glass_bottle":2,"rankine:dolostone":18,"minecraft:dirt":49,"minecraft:gold_nugget":20,"rankine:pegmatite":26,"minecraft:sand":16,"rankine:bronze_hammer":2,"minecraft:iron_pickaxe":1,"rankine:rope":11,"minecraft:bone":13,"kubejs:charcoal_briquette":3,"charcoal_pit:clay_pot":1,"weatherforecast:weather_helmet":1,"kubejs:straw_briquette":2,"rankine:maple_sapling":2,"crockpot:corn_seeds":1,"minecraft:birch_sapling":4,"charcoal_pit:coal_pile":1,"frostedheart:rye_block":2,"rankine:mortar":64,"minecraft:rotten_flesh":16,"minecraft:oak_planks":13,"kubejs:frozen_seeds_unknown":44,"minecraft:light_gray_carpet":1,"kubejs:frozen_seeds_wheat":18,"rankine:bronze_alloy":10,"watersource:primitive_strainer":1,"kubejs:frozen_seeds_melon":6,"minecraft:charcoal":169,"create:wrench":1,"rankine:jute_seeds":2,"minecraft:egg":1,"create:mechanical_mixer":1,"crockpot:surf_n_turf":1,"minecraft:cobblestone":2,"minecraft:feather":6,"crockpot:unknown_seeds":2,"kubejs:frozen_seeds_beetroots":8,"minecraft:coal":22,"minecraft:pufferfish":16,"rankine:bronze_axe":1,"rankine:black_birch_sapling":8,"charcoal_pit:straw":46,"rankine:black_birch_log":10,"minecraft:potion":1,"minecraft:stone_brick_slab":1,"rankine:corn_seeds":1,"stone_age:flint_knife":4,"rankine:black_birch_planks":2,"rankine:flint_knife":2,"charcoal_pit:log_pile":1,"crockpot:cooked_egg":11,"stone_age:raw_hide":1,"minecraft:clay_ball":74,"minecraft:iron_boots":1,"frostedheart:thermos":6,"create:copper_sheet":3,"rankine:malachite":150,"rankine:asparagus_seeds":2,"rankine:bronze_shovel":1,"rankine:tufa_limestone":62,"kubejs:frozen_seeds_blackwheat":6,"minecraft:stone":2,"kubejs:sawdust_briquette":8,"minecraft:barrel":2,"minecraft:bow":2,"stone_age:stone_chest":4,"crockpot:eggplant_seeds":2,"rankine:yellow_birch_sapling":1,"minecraft:oak_log":438,"rankine:alloy_sword":1,"rankine:flint_pickaxe":8,"crockpot:pepper_seeds":2,"rankine:kaolinite_block":1,"watersource:wooden_cup":4,"kubejs:frozen_porkchop":1,"minecraft:flint":15,"rankine:yellow_birch_slab":4,"rankine:flint_shovel":1,"minecraft:snowball":726,"ftbquests:book":6,"minecraft:birch_log":51,"rankine:snowberries":10,"minecraft:gravel":40,"weatherforecast:weather_radar":6,"stone_age:fish_bone":1,"rankine:copper_ingot":27,"rankine:stone_hammer":2,"minecraft:carrot":2,"minecraft:poppy":2,"kubejs:kaolin_dust":78,"charcoal_pit:ash":37,"rankine:invar_shovel":3,"minecraft:oak_wood":3,"immersiveengineering:manual":1,"minecraft:beetroot_seeds":11,"minecraft:melon_seeds":1,"rankine:flint_axe":8,"minecraft:arrow":13,"rankine:white_marble":2,"frostedheart:straw_lining":1,"immersiveengineering:seed":3,"rankine:flower_seeds":6,"crockpot:asparagus_seeds":1,"rankine:breccia":52,"charcoal_pit:sandy_collector":1,"kubejs:impure_alumina_dust":65,"rankine:cotton_seeds":4,"rankine:bronze_pickaxe":4,"watersource:leather_water_bag":3,"minecraft:stick":379,"crockpot:onion_seeds":2,"minecraft:torch":26,"kubejs:flux":3,"watersource:wooden_cup_drink":6,"minecraft:iron_leggings":2,"minecraft:dandelion":4,"primalwinter:snowy_vine":37,"minecraft:dark_prismarine_stairs":1,"stone_age:flint_workbench":1,"charcoal_pit:cracked_pot":1,"minecraft:flint_and_steel":1,"minecraft:filled_map":3,"minecraft:andesite":1,"minecraft:iron_chestplate":3,"frostedheart:ceramic_bucket":4,"minecraft:oak_sapling":145,"kubejs:frozen_seeds_pumpkin":5,"kubejs:frozen_beef":3,"minecraft:brick":8},"minecraft:mined":{"minecraft:dark_prismarine_stairs":7,"charcoal_pit:mechanical_bellows":1,"minecraft:white_bed":1,"charcoal_pit:bloomery":16,"stone_age:fishing_net":2,"charcoal_pit:log_pile":11,"minecraft:tall_seagrass":1,"rankine:bituminous_ore":361,"minecraft:fire":36,"rankine:stibnite_ore":2,"minecraft:brown_mushroom":5,"charcoal_pit:sandy_brick":7,"minecraft:torch":10,"rankine:pyrite_ore":10,"stone_age:tanning_rack":3,"minecraft:sugar_cane":5,"rankine:rope":4,"create:basin":3,"minecraft:chain":4,"rankine:breccia":290,"minecraft:repeater":8,"rankine:sphalerite_ore":10,"create:mechanical_mixer":2,"rankine:blackberry_bush":4,"primalwinter:snowy_oak_log":308,"create:hand_crank":10,"rankine:cinnabar_ore":4,"rankine:cassiterite_ore":47,"create:fluid_tank":14,"primalwinter:snowy_birch_log":19,"minecraft:redstone_wire":2,"rankine:tufa_limestone":118,"minecraft:red_mushroom":5,"create:shaft":8,"minecraft:snow":16,"rankine:native_copper_ore":97,"frostedheart:rye_block":533,"minecraft:andesite":59,"minecraft:white_wool":1,"rankine:magnetite_ore":10,"primalwinter:snowy_dirt":78,"frostedheart:copper_gravel":1,"minecraft:light_gray_carpet":20,"minecraft:dandelion":1,"rankine:raspberry_bush":8,"create:fluid_pipe":10,"create:mechanical_pump":8,"rankine:pegmatite":25,"minecraft:campfire":3,"charcoal_pit:bellows":5,"rankine:gray_granite":1,"minecraft:tall_grass":3,"charcoal_pit:pottery_kiln":110,"rankine:halite_ore":9,"charcoal_pit:mainbloomery":1,"minecraft:gravel":166,"minecraft:stone_bricks":3,"minecraft:infested_stone":5,"charcoal_pit:wood_ash":40,"minecraft:grass_block":1,"rankine:komatiite":4,"rankine:pentlandite_ore":17,"charcoal_pit:sandy_tuyere":1,"rankine:lignite_ore":729,"comforts:sleeping_bag_white":2,"rankine:bronze_door":1,"rankine:bauxite_ore":65,"stone_age:dried_grass_bed":1,"minecraft:iron_bars":2,"rankine:snowberry_bush":8,"charcoal_pit:ceramic_pot":1,"rankine:native_silver_ore":3,"minecraft:clay":103,"steampowered:bronze_large_cogwheel":5,"minecraft:cobblestone":14,"minecraft:oak_planks":1,"minecraft:wall_torch":15,"create:glass_fluid_pipe":1,"minecraft:birch_log":1,"rankine:white_marble":19,"minecraft:oak_log":137,"minecraft:sand":146,"minecraft:dirt":317,"minecraft:tripwire_hook":1,"minecraft:oak_leaves":248,"frostedheart:white_turnip_block":72,"primalwinter:snowy_oak_leaves":181,"rankine:yellow_birch_leaves":16,"rankine:red_dacite":10,"rankine:malachite_ore":255,"minecraft:lever":15,"rankine:black_marble":21,"steampowered:bronze_cogwheel":3,"charcoal_pit:sandy_collector":5,"primalwinter:snowy_sand":3,"rankine:kaolinite_block":1,"rankine:elderberry_bush":7,"immersiveengineering:treated_wood_horizontal":2,"stone_age:flint_workbench":11,"rankine:mica_schist":2,"minecraft:lantern":6,"minecraft:stripped_oak_log":1,"minecraft:packed_ice":5,"stone_age:stone_chest":6,"minecraft:stone":2,"primalwinter:snowy_birch_leaves":21,"minecraft:redstone_wall_torch":6,"rankine:dolostone":69,"minecraft:sweet_berry_bush":1,"minecraft:ice":90,"minecraft:white_wall_banner":2,"minecraft:bee_nest":1,"minecraft:gray_carpet":14,"primalwinter:snowy_spruce_leaves":4,"primalwinter:snowy_vine":6,"charcoal_pit:barrel":3,"rankine:black_dacite":4,"rankine:limestone_nodule":5},"minecraft:killed":{"stone_age:terror_bird":3,"minecraft:skeleton":16,"minecraft:chicken":3,"stone_age:deer":14,"minecraft:pillager":3,"minecraft:zombie":24,"minecraft:cow":23,"stone_age:fowl":3,"minecraft:spider":3,"minecraft:silverfish":18,"minecraft:pig":3,"minecraft:creeper":1,"minecraft:sheep":8,"minecraft:stray":3},"minecraft:broken":{"stone_age:flint_knife":5,"rankine:bronze_axe":3,"minecraft:iron_boots":2,"minecraft:iron_leggings":2,"rankine:bronze_pickaxe":5,"rankine:flint_axe":9,"rankine:bronze_sword":1,"minecraft:leather_helmet":1,"rankine:bronze_shovel":1,"minecraft:iron_helmet":3,"rankine:flint_pickaxe":3,"minecraft:flint_and_steel":1,"minecraft:leather_chestplate":1,"rankine:flint_spear":2,"rankine:flint_knife":5,"minecraft:leather_boots":1,"rankine:flint_shovel":1},"minecraft:picked_up":{"minecraft:iron_chestplate":4,"kubejs:frozen_seeds_blackwheat":6,"crockpot:asparagus_seeds":1,"steampowered:bronze_large_cogwheel":5,"minecraft:stone_slab":10,"rankine:bronze_door":1,"charcoal_pit:clay_pot":13,"charcoal_pit:mechanical_bellows":1,"minecraft:string":6,"minecraft:cooked_salmon":4,"frostedheart:thermos":37,"minecraft:pufferfish":6,"minecraft:gold_nugget":27,"crockpot:potato_tornado":1,"rankine:black_birch_log":76,"rankine:corn_seeds":2,"kubejs:invar_steel_plate":24,"charcoal_pit:bellows":6,"kubejs:frozen_seeds_unknown":52,"rankine:copper_ingot":28,"rankine:sawdust":4,"minecraft:rabbit_foot":3,"frostedheart:copper_pro_pick":1,"rankine:bituminous_coal":365,"charcoal_pit:sandy_collector":7,"rankine:flower_seeds":5,"watersource:coconut_milk_bottle":1,"stone_age:flint_workbench":13,"minecraft:iron_bars":4,"minecraft:snowball":864,"minecraft:birch_log":162,"minecraft:feather":24,"minecraft:cooked_beef":43,"rankine:fire_clay_ball":22,"rankine:flint_axe":15,"minecraft:flint":336,"rankine:black_birch_sapling":15,"stone_age:leather_strip":20,"minecraft:map":1,"minecraft:lantern":10,"ftbquests:book":15,"immersiveengineering:plate_gold":1,"charcoal_pit:main_bloomery":1,"create:shaft":8,"kubejs:native_copper":98,"rankine:yellow_birch_slab":4,"rankine:kaolinite_ball":51,"rankine:raspberries":8,"crockpot:corn_seeds":3,"immersiveengineering:ingot_nickel":16,"rankine:cinnabar":4,"rankine:alloy_sword":1,"charcoal_pit:sandy_tuyere":2,"minecraft:barrel":1,"stone_age:tanning_rack":4,"frostedheart:copper_geologists_hammer":2,"minecraft:lever":18,"kubejs:frozen_beef":48,"minecraft:light_gray_carpet":20,"kubejs:straw_briquette":1,"create:copper_sheet":24,"frostedheart:rye_block":1394,"minecraft:crafting_table":1,"steampowered:bronze_sheet":33,"minecraft:clay_ball":510,"rankine:flint_spear":2,"immersiveengineering:manual":2,"create:fluid_pipe":11,"minecraft:flint_and_steel":2,"rankine:toast":1,"kubejs:wet_straw_briquette":1,"minecraft:beef":34,"stone_age:dried_grass_bed":1,"rankine:maple_sapling":2,"minecraft:poppy":2,"kubejs:halite":9,"minecraft:birch_sapling":17,"rankine:pegmatite":51,"minecraft:egg":6,"minecraft:stone":68,"stone_age:fish_bone":7,"rankine:red_dacite":12,"kubejs:frozen_seeds_wheat":19,"rankine:flint_pickaxe":15,"minecraft:carrot":4,"minecraft:redstone":3,"kubejs:frozen_chicken":4,"kubejs:frozen_white_turnip":7,"minecraft:cooked_cod":10,"minecraft:beetroot_seeds":10,"kubejs:frozen_seeds_beetroots":9,"rankine:stibnite":2,"crockpot:cooked_egg":15,"rankine:mica_schist":2,"rankine:tufa_limestone":275,"minecraft:mutton":2,"rankine:magnetite":10,"minecraft:white_wool":7,"kubejs:sawdust_briquette":10,"minecraft:stripped_oak_log":1,"crockpot:pepper_seeds":1,"stone_age:fat":8,"minecraft:tripwire_hook":1,"minecraft:red_mushroom":5,"minecraft:filled_map":2,"rankine:flint_shovel":4,"minecraft:oak_log":1173,"minecraft:white_banner":4,"rankine:refractory_brick":40,"crockpot:fish_tacos":1,"minecraft:apple":22,"minecraft:stone_bricks":9,"minecraft:glass_bottle":2,"minecraft:sweet_berries":3,"rankine:strawberries":1,"steampowered:bronze_cogwheel":3,"minecraft:gravel":214,"rankine:quicklime":89,"rankine:kaolinite_block":8,"minecraft:leather_helmet":1,"charcoal_pit:barrel":4,"minecraft:oak_wood":3,"rankine:alumina":26,"frostedheart:straw_lining":4,"immersiveengineering:seed":3,"create:mechanical_pump":8,"kubejs:clay_bucket":1,"minecraft:gray_wool":1,"minecraft:baked_potato":1,"minecraft:melon_seeds":1,"watersource:wooden_cup_drink":155,"minecraft:ender_pearl":1,"rankine:bronze_alloy":4,"rankine:rope":17,"minecraft:potion":2,"rankine:yellow_birch_log":38,"charcoal_pit:ceramic_pot":3,"rankine:lignite":704,"minecraft:iron_leggings":3,"rankine:yellow_birch_planks":9,"rankine:sphalerite":10,"frostedheart:copper_core_spade":1,"comforts:sleeping_bag_white":2,"rankine:jute_seeds":2,"charcoal_pit:bloom_fail":16,"rankine:gray_granite":4,"minecraft:redstone_torch":9,"minecraft:iron_pickaxe":1,"minecraft:iron_boots":2,"minecraft:tipped_arrow":2,"minecraft:stick":1293,"create:mechanical_mixer":2,"stone_age:cooked_fat":10,"minecraft:torch":56,"charcoal_pit:sandy_brick_item":41,"rankine:yellow_birch_sapling":5,"minecraft:porkchop":3,"minecraft:rotten_flesh":46,"crockpot:onion_seeds":3,"minecraft:cod":8,"minecraft:cobblestone":17,"immersiveengineering:slab_treated_wood_horizontal":9,"rankine:cotton_seeds":3,"rankine:invar_shovel":1,"minecraft:leather_chestplate":1,"create:fluid_tank":14,"minecraft:repeater":10,"minecraft:andesite":68,"minecraft:potato":3,"rankine:breccia":370,"crockpot:unknown_seeds":3,"minecraft:dirt":396,"frostedheart:white_turnip_block":217,"minecraft:bone":148,"minecraft:bow":4,"crockpot:kabobs":2,"stone_age:stone_chest":11,"rankine:cassiterite":47,"minecraft:oak_planks":67,"primalwinter:snowy_vine":577,"rankine:flint_knife":1,"minecraft:cooked_porkchop":3,"stone_age:cooked_venison":11,"rankine:stone_hammer":3,"rankine:pentlandite":18,"minecraft:sand":200,"kubejs:bauxite":65,"rankine:white_marble":21,"crockpot:tomato_seeds":1,"minecraft:oak_sapling":193,"stone_age:raw_hide":41,"charcoal_pit:bloom_cool":17,"stone_age:venison":8,"minecraft:charcoal":257,"charcoal_pit:coal_pile":2,"minecraft:splash_potion":1,"minecraft:chicken":6,"minecraft:brown_mushroom":5,"stone_age:flint_knife":11,"rankine:bronze_hammer":3,"crockpot:ceviche":1,"minecraft:chain":6,"charcoal_pit:straw":660,"rankine:snowberries":22,"minecraft:brick":8,"rankine:blackberries":11,"minecraft:dark_prismarine_stairs":7,"crockpot:eggplant_seeds":2,"create:basin":3,"stone_age:drying_rack":1,"minecraft:sugar_cane":36,"kubejs:frozen_venison":18,"weatherforecast:weather_helmet":2,"create:hand_crank":11,"watersource:leather_water_bag":3,"watersource:wooden_cup":4,"minecraft:arrow":32,"rankine:banana_yucca":3,"stone_age:fishing_net":3,"rankine:dolostone":94,"charcoal_pit:log_pile":30,"rankine:bandage":48,"rankine:black_marble":22,"minecraft:leather":35,"frostedheart:ceramic_bucket":7,"charcoal_pit:unfired_sandy_brick":28,"minecraft:gunpowder":6,"watersource:primitive_strainer":1,"immersiveengineering:treated_wood_horizontal":9,"frostedheart:rye":498,"minecraft:cooked_mutton":2,"rankine:black_birch_planks":4,"charcoal_pit:cracked_pot":48,"minecraft:gray_carpet":21,"stone_age:antler":29,"minecraft:iron_ingot":87,"minecraft:cooked_chicken":6,"kubejs:frozen_seeds_pumpkin":8,"rankine:komatiite":11,"kubejs:frozen_fat":19,"kubejs:pyrite":16,"kubejs:silver":1,"minecraft:oak_slab":6,"minecraft:stone_brick_slab":1,"crockpot:surf_n_turf":1,"minecraft:dandelion":4,"stone_age:grass_mesh":4,"minecraft:white_bed":1,"weatherforecast:weather_radar":6,"rankine:rice_seeds":1,"kubejs:frozen_mutton":11,"kubejs:frozen_porkchop":4,"minecraft:pumpkin_seeds":6,"rankine:asparagus_seeds":2,"rankine:bronze_pickaxe":2,"rankine:malachite":356,"kubejs:flux":142,"minecraft:campfire":2,"minecraft:chainmail_leggings":1,"minecraft:iron_helmet":2,"charcoal_pit:sandy_brick":11,"charcoal_pit:ash":492,"rankine:black_dacite":4,"minecraft:black_wool":1,"minecraft:coal":104,"kubejs:frozen_seeds_melon":9},"minecraft:custom":{"minecraft:interact_with_crafting_table":186,"minecraft:open_barrel":632,"minecraft:leave_game":25,"minecraft:time_since_death":2268,"minecraft:damage_blocked_by_shield":1140,"minecraft:deaths":36,"minecraft:jump":18475,"minecraft:sleep_in_bed":14,"minecraft:damage_dealt":16682,"minecraft:sneak_time":87420,"minecraft:time_since_rest":2297,"minecraft:swim_one_cm":32521,"minecraft:fly_one_cm":2603555,"minecraft:open_chest":295,"minecraft:fall_one_cm":287622,"minecraft:sprint_one_cm":2849954,"minecraft:drop":580,"minecraft:walk_on_water_one_cm":86427,"minecraft:play_one_minute":1802681,"minecraft:player_kills":2,"minecraft:crouch_one_cm":200442,"minecraft:mob_kills":138,"minecraft:interact_with_campfire":326,"minecraft:climb_one_cm":29864,"minecraft:walk_one_cm":3987362,"minecraft:walk_under_water_one_cm":108248,"minecraft:damage_taken":18212},"minecraft:used":{"rankine:alloy_sword":8,"crockpot:ceviche":2,"crockpot:watermelon_icle":2,"stone_age:flint_knife":68,"minecraft:stone":2,"create:fluid_tank":18,"immersiveengineering:treated_wood_horizontal":2,"minecraft:snowball":120,"rankine:banana_yucca":7,"stone_age:drying_rack":2,"minecraft:birch_sapling":9,"crockpot:cooked_egg":1,"frostedheart:copper_core_spade":3,"minecraft:bow":8,"minecraft:sweet_berries":4,"create:shaft":8,"minecraft:oak_sapling":35,"minecraft:cooked_cod":13,"charcoal_pit:bellows":5,"rankine:blackberries":11,"minecraft:dark_prismarine_stairs":6,"charcoal_pit:fertilizer":32,"rankine:breccia":142,"rankine:dolostone":9,"minecraft:sand":12,"frostedheart:copper_geologists_hammer":7,"immersiveengineering:hammer":3,"create:basin":4,"stone_age:millstone":1,"rankine:mortar":2,"minecraft:light_gray_carpet":21,"charcoal_pit:coal_pile":1,"frostedheart:rye_block":626,"minecraft:cooked_salmon":4,"rankine:bronze_door":1,"minecraft:torch":240,"stone_age:cooked_venison":10,"charcoal_pit:mechanical_bellows":2,"crockpot:potato_souffle":1,"rankine:bronze_shovel":121,"stone_age:fat":7,"create:wrench":6,"rankine:flint_hoe":45,"stone_age:stone_chest":7,"minecraft:barrel":1,"minecraft:tripwire_hook":2,"create:fluid_pipe":11,"comforts:sleeping_bag_white":3,"rankine:strawberries":1,"charcoal_pit:ceramic_pot":3,"crockpot:perogies":1,"charcoal_pit:sandy_collector":6,"watersource:wooden_cup":79,"minecraft:crafting_table":1,"minecraft:campfire":3,"minecraft:white_bed":2,"minecraft:cod":2,"rankine:flint_pickaxe":668,"rankine:bronze_pickaxe":1957,"minecraft:oak_log":33,"rankine:flint_shovel":208,"steampowered:bronze_cogwheel":7,"crockpot:crock_pot_basic":1,"charcoal_pit:sandy_tuyere":2,"rankine:snowberries":12,"watersource:wooden_cup_drink":13,"rankine:toast":1,"minecraft:cooked_porkchop":1,"minecraft:stripped_oak_log":1,"stone_age:fishing_net":3,"charcoal_pit:log_pile":56,"minecraft:shield":27,"stone_age:flint_workbench":12,"steampowered:bronze_large_cogwheel":12,"rankine:bronze_sword":158,"frostedheart:copper_pro_pick":20,"stone_age:tree_stump":2,"rankine:flint_spear":138,"minecraft:lantern":8,"minecraft:stone_bricks":2,"rankine:bronze_axe":273,"minecraft:repeater":10,"charcoal_pit:main_bloomery":2,"minecraft:gray_carpet":25,"minecraft:oak_planks":2,"rankine:flint_knife":429,"stone_age:cooked_fat":6,"rankine:rope":4,"rankine:raspberries":31,"frostedheart:white_turnip_block":137,"minecraft:redstone_torch":13,"minecraft:lever":19,"crockpot:kabobs":3,"minecraft:bread":16,"minecraft:gravel":72,"rankine:flint_axe":639,"minecraft:andesite":24,"minecraft:chain":2,"minecraft:bone_meal":72,"crockpot:fruit_medley":1,"crockpot:surf_n_turf":2,"minecraft:flint_and_steel":1,"crockpot:iced_tea":1,"minecraft:redstone":4,"crockpot:veg_stinger":2,"charcoal_pit:cracked_pot":47,"crockpot:gazpacho":1,"minecraft:cooked_chicken":4,"create:mechanical_pump":9,"minecraft:dirt":383,"create:mechanical_mixer":3,"crockpot:fish_tacos":1,"stone_age:tanning_rack":4,"rankine:invar_shovel":188,"rankine:tufa_limestone":96,"primalwinter:snowy_vine":8,"minecraft:cooked_beef":35,"minecraft:cooked_mutton":1,"minecraft:baked_potato":1,"frostedheart:thermos":158,"frostedheart:rye_bread":65,"crockpot:monster_lasagna":1,"minecraft:black_wool":1,"minecraft:apple":21,"frostedheart:generator_ash":3,"minecraft:map":2,"minecraft:stone_slab":4,"charcoal_pit:barrel":5,"minecraft:white_banner":4,"stone_age:dried_grass_bed":1,"crockpot:wet_goop":2,"create:hand_crank":14,"minecraft:splash_potion":1,"charcoal_pit:sandy_brick":14}},"DataVersion":2586}