{
  "minecraft:recipes/tools/fishing_rod": {
    "criteria": {
      "has_string": "2021-12-05 00:46:21 +0300"
    },
    "done": true
  },
  "cfm:recipes/cfm/spruce_kitchen_drawer": {
    "criteria": {
      "has_chest": "2021-12-06 01:00:17 +0300"
    },
    "done": true
  },
  "minecraft:recipes/building_blocks/black_stained_glass": {
    "criteria": {
      "has_glass": "2021-12-04 22:30:19 +0300"
    },
    "done": true
  },
  "rankine:story/get_flint_tools": {
    "criteria": {
      "flint_pickaxe": "2021-12-03 21:11:06 +0300"
    },
    "done": true
  },
  "minecraft:recipes/redstone/lever": {
    "criteria": {
      "has_cobblestone": "2021-12-03 22:04:52 +0300"
    },
    "done": true
  },
  "minecraft:recipes/combat/iron_sword": {
    "criteria": {
      "has_iron_ingot": "2021-12-03 22:28:45 +0300"
    },
    "done": true
  },
  "cfm:recipes/cfm/yellow_cooler": {
    "criteria": {
      "has_chest": "2021-12-06 01:00:17 +0300"
    },
    "done": true
  },
  "minecraft:recipes/building_blocks/stone_bricks": {
    "criteria": {
      "has_stone": "2021-12-03 22:01:35 +0300"
    },
    "done": true
  },
  "create:recipes/create.base/crafting/appliances/copper_backtank": {
    "criteria": {
      "has_item": "2021-12-04 22:19:42 +0300"
    },
    "done": true
  },
  "immersiveengineering:recipes/immersiveengineering/crafting/concrete": {
    "criteria": {
      "has_clay": "2021-12-03 22:13:37 +0300"
    },
    "done": true
  },
  "charcoal_pit:charcoal_pit/straw": {
    "criteria": {
      "item1": "2021-12-03 20:46:14 +0300"
    },
    "done": true
  },
  "minecraft:recipes/building_blocks/lime_concrete_powder": {
    "criteria": {
      "has_gravel": "2021-12-03 21:26:35 +0300"
    },
    "done": true
  },
  "ironagefurniture:recipes/chairs/chair_wood_ironage_bench_back_padded_gray_single_oak": {
    "criteria": {
      "has_rock": "2021-12-03 22:09:32 +0300"
    },
    "done": true
  },
  "minecraft:recipes/building_blocks/chiseled_stone_bricks": {
    "criteria": {
      "has_stone_bricks": "2021-12-05 00:36:11 +0300"
    },
    "done": true
  },
  "minecraft:recipes/tools/iron_pickaxe": {
    "criteria": {
      "has_iron_ingot": "2021-12-03 22:28:44 +0300"
    },
    "done": true
  },
  "minecraft:recipes/building_blocks/gray_stained_glass": {
    "criteria": {
      "has_glass": "2021-12-04 22:30:19 +0300"
    },
    "done": true
  },
  "minecraft:recipes/building_blocks/yellow_concrete_powder": {
    "criteria": {
      "has_gravel": "2021-12-03 21:26:35 +0300"
    },
    "done": true
  },
  "minecraft:recipes/combat/leather_helmet": {
    "criteria": {
      "has_recipe": "2021-12-04 20:38:30 +0300"
    },
    "done": true
  },
  "minecraft:recipes/decorations/crafting_table": {
    "criteria": {
      "has_recipe": "2021-12-03 22:25:14 +0300"
    },
    "done": true
  },
  "minecraft:recipes/building_blocks/magenta_wool": {
    "criteria": {
      "has_white_wool": "2021-12-06 00:53:47 +0300"
    },
    "done": true
  },
  "cfm:recipes/cfm/birch_desk": {
    "criteria": {
      "has_log": "2021-12-03 21:21:13 +0300"
    },
    "done": true
  },
  "minecraft:recipes/building_blocks/purple_stained_glass": {
    "criteria": {
      "has_glass": "2021-12-04 22:30:19 +0300"
    },
    "done": true
  },
  "immersivepetroleum:recipes/immersivepetroleum/speedboat": {
    "criteria": {
      "has_treated_planks": "2021-12-05 00:35:39 +0300"
    },
    "done": true
  },
  "minecraft:recipes/decorations/ladder": {
    "criteria": {
      "has_stick": "2021-12-03 20:42:23 +0300"
    },
    "done": true
  },
  "immersiveengineering:recipes/immersiveengineering/crafting/sheetmetal_colored_light_blue": {
    "criteria": {
      "has_sheetmetal": "2021-12-05 23:48:26 +0300"
    },
    "done": true
  },
  "comforts:sleeping_bag_black": {
    "criteria": {
      "has_black_wool": "2021-12-06 00:53:47 +0300"
    },
    "done": true
  },
  "minecraft:recipes/decorations/chest": {
    "criteria": {
      "has_lots_of_items": "2021-12-03 20:42:40 +0300"
    },
    "done": true
  },
  "minecraft:recipes/building_blocks/chiseled_stone_bricks_stone_from_stonecutting": {
    "criteria": {
      "has_stone": "2021-12-03 22:01:35 +0300"
    },
    "done": true
  },
  "cfm:recipes/cfm/stripped_birch_bedside_cabinet": {
    "criteria": {
      "has_planks": "2021-12-03 21:21:13 +0300"
    },
    "done": true
  },
  "minecraft:recipes/decorations/torch": {
    "criteria": {
      "has_recipe": "2021-12-03 20:42:23 +0300"
    },
    "done": true
  },
  "tetra:spelunking/root": {
    "criteria": {
      "spelunking": "2021-12-04 21:58:51 +0300"
    },
    "done": true
  },
  "immersiveengineering:recipes/immersiveengineering/crafting/coal_coke_to_coke": {
    "criteria": {
      "has_coal_coke": "2021-12-07 01:01:49 +0300"
    },
    "done": true
  },
  "minecraft:recipes/tools/shears": {
    "criteria": {
      "has_iron_ingot": "2021-12-03 22:28:44 +0300"
    },
    "done": true
  },
  "charcoal_pit:charcoal_pit/root": {
    "criteria": {
      "item1": "2021-12-03 20:42:23 +0300"
    },
    "done": true
  },
  "minecraft:recipes/misc/stick": {
    "criteria": {
      "has_planks": "2021-12-03 22:09:32 +0300"
    },
    "done": true
  },
  "minecraft:recipes/building_blocks/stone_brick_slab_from_stone_stonecutting": {
    "criteria": {
      "has_stone": "2021-12-03 22:01:35 +0300"
    },
    "done": true
  },
  "cfm:recipes/cfm/brown_grill": {
    "criteria": {
      "has_iron": "2021-12-03 22:28:44 +0300"
    },
    "done": true
  },
  "cfm:recipes/cfm/green_grill": {
    "criteria": {
      "has_iron": "2021-12-03 22:28:44 +0300"
    },
    "done": true
  },
  "ironagefurniture:recipes/chairs/chair_wood_ironage_bench_back_padded_purple_single_oak": {
    "criteria": {
      "has_rock": "2021-12-03 22:09:32 +0300"
    },
    "done": true
  },
  "ironagefurniture:recipes/chairs/chair_wood_ironage_bench_back_padded_yellow_single_oak": {
    "criteria": {
      "has_rock": "2021-12-03 22:09:32 +0300"
    },
    "done": true
  },
  "minecraft:recipes/redstone/dispenser": {
    "criteria": {
      "has_bow": "2021-12-03 22:21:57 +0300"
    },
    "done": true
  },
  "immersivepetroleum:recipes/immersivepetroleum/projector": {
    "criteria": {
      "has_iron_ingot": "2021-12-03 22:28:44 +0300"
    },
    "done": true
  },
  "cfm:recipes/cfm/pink_kitchen_drawer": {
    "criteria": {
      "has_chest": "2021-12-06 01:00:17 +0300"
    },
    "done": true
  },
  "cfm:recipes/cfm/lime_kitchen_drawer": {
    "criteria": {
      "has_chest": "2021-12-06 01:00:17 +0300"
    },
    "done": true
  },
  "cfm:recipes/cfm/dark_oak_kitchen_drawer": {
    "criteria": {
      "has_chest": "2021-12-06 01:00:17 +0300"
    },
    "done": true
  },
  "cfm:recipes/cfm/red_cooler": {
    "criteria": {
      "has_chest": "2021-12-06 01:00:17 +0300"
    },
    "done": true
  },
  "minecraft:recipes/combat/iron_leggings": {
    "criteria": {
      "has_iron_ingot": "2021-12-03 22:28:44 +0300"
    },
    "done": true
  },
  "immersiveengineering:recipes/immersiveengineering/crafting/treated_wallmount": {
    "criteria": {
      "has_treated_planks": "2021-12-05 00:35:39 +0300"
    },
    "done": true
  },
  "immersiveengineering:recipes/immersiveengineering/crafting/survey_tools": {
    "criteria": {
      "has_hammer": "2021-12-04 21:28:51 +0300"
    },
    "done": true
  },
  "minecraft:recipes/brewing/golden_carrot": {
    "criteria": {
      "has_gold_nugget": "2021-12-05 00:35:39 +0300"
    },
    "done": true
  },
  "minecraft:recipes/combat/shield": {
    "criteria": {
      "has_iron_ingot": "2021-12-03 22:28:44 +0300"
    },
    "done": true
  },
  "immersiveengineering:recipes/immersiveengineering/crafting/fluid_pipe": {
    "criteria": {
      "has_iron_plate": "2021-12-05 23:48:12 +0300"
    },
    "done": true
  },
  "minecraft:recipes/building_blocks/cobblestone_slab": {
    "criteria": {
      "has_recipe": "2021-12-03 22:04:52 +0300"
    },
    "done": true
  },
  "cfm:recipes/cfm/gray_kitchen_drawer": {
    "criteria": {
      "has_chest": "2021-12-06 01:00:17 +0300"
    },
    "done": true
  },
  "rankine:recipes/decorations/tin_sheetmetal": {
    "criteria": {
      "has_tin_ingot": "2021-12-04 22:21:02 +0300"
    },
    "done": true
  },
  "cfm:recipes/cfm/oak_bedside_cabinet": {
    "criteria": {
      "has_log": "2021-12-03 21:20:45 +0300"
    },
    "done": true
  },
  "minecraft:recipes/decorations/gray_bed": {
    "criteria": {
      "has_gray_wool": "2021-12-06 00:53:47 +0300"
    },
    "done": true
  },
  "cfm:recipes/cfm/birch_crate": {
    "criteria": {
      "has_log": "2021-12-03 21:21:12 +0300"
    },
    "done": true
  },
  "minecraft:recipes/redstone/hopper": {
    "criteria": {
      "has_iron_ingot": "2021-12-03 22:28:45 +0300"
    },
    "done": true
  },
  "create:recipes/create.palettes/paved_andesite_from_andesite_stonecutting": {
    "criteria": {
      "has_andesite": "2021-12-05 00:38:37 +0300"
    },
    "done": true
  },
  "rankine:recipes/tools/flint_spear": {
    "criteria": {
      "has_flint": "2021-12-03 20:46:14 +0300"
    },
    "done": true
  },
  "minecraft:recipes/building_blocks/coarse_dirt": {
    "criteria": {
      "has_gravel": "2021-12-03 21:26:35 +0300"
    },
    "done": true
  },
  "immersiveengineering:recipes/immersiveengineering/crafting/sheetmetal_colored_red": {
    "criteria": {
      "has_sheetmetal": "2021-12-05 23:48:26 +0300"
    },
    "done": true
  },
  "cfm:recipes/cfm/orange_grill": {
    "criteria": {
      "has_iron": "2021-12-03 22:28:44 +0300"
    },
    "done": true
  },
  "cfm:recipes/cfm/andesite_cabinet": {
    "criteria": {
      "has_planks": "2021-12-05 00:38:37 +0300"
    },
    "done": true
  },
  "create:recipes/create.palettes/andesite_pillar_from_andesite_stonecutting": {
    "criteria": {
      "has_andesite": "2021-12-05 00:38:37 +0300"
    },
    "done": true
  },
  "create:recipes/create.base/crafting/kinetics/yellow_seat": {
    "criteria": {
      "has_wool": "2021-12-06 00:53:47 +0300"
    },
    "done": true
  },
  "minecraft:recipes/building_blocks/light_gray_concrete_powder": {
    "criteria": {
      "has_gravel": "2021-12-03 21:26:35 +0300"
    },
    "done": true
  },
  "minecraft:recipes/misc/brick": {
    "criteria": {
      "has_clay_ball": "2021-12-03 22:13:37 +0300"
    },
    "done": true
  },
  "create:wrench": {
    "criteria": {
      "0": "2021-12-05 02:28:45 +0300"
    },
    "done": true
  },
  "create:recipes/create.palettes/fancy_andesite_bricks_from_andesite_stonecutting": {
    "criteria": {
      "has_andesite": "2021-12-05 00:38:37 +0300"
    },
    "done": true
  },
  "rankine:story/get_stone_hammer": {
    "criteria": {
      "stone_hammer": "2021-12-03 22:21:24 +0300"
    },
    "done": true
  },
  "cfm:recipes/cfm/blue_grill": {
    "criteria": {
      "has_iron": "2021-12-03 22:28:44 +0300"
    },
    "done": true
  },
  "minecraft:recipes/combat/leather_leggings": {
    "criteria": {
      "has_recipe": "2021-12-04 20:38:30 +0300"
    },
    "done": true
  },
  "minecraft:recipes/building_blocks/pink_concrete_powder": {
    "criteria": {
      "has_gravel": "2021-12-03 21:26:35 +0300"
    },
    "done": true
  },
  "create:recipes/create.base/crafting/kinetics/lime_seat": {
    "criteria": {
      "has_wool": "2021-12-06 00:53:47 +0300"
    },
    "done": true
  },
  "minecraft:recipes/building_blocks/yellow_stained_glass": {
    "criteria": {
      "has_glass": "2021-12-04 22:30:19 +0300"
    },
    "done": true
  },
  "minecraft:recipes/building_blocks/stone_stairs_from_stone_stonecutting": {
    "criteria": {
      "has_stone": "2021-12-03 22:01:35 +0300"
    },
    "done": true
  },
  "cfm:recipes/cfm/birch_blinds": {
    "criteria": {
      "has_log": "2021-12-03 21:21:12 +0300"
    },
    "done": true
  },
  "cfm:recipes/cfm/purple_grill": {
    "criteria": {
      "has_iron": "2021-12-03 22:28:44 +0300"
    },
    "done": true
  },
  "ironchest:recipes/ironchest/upgrades/copper_to_silver_chest_upgrade": {
    "criteria": {
      "has_item": "2021-12-04 22:19:42 +0300"
    },
    "done": true
  },
  "create:recipes/create.palettes/andesite_bricks_from_andesite_stonecutting": {
    "criteria": {
      "has_andesite": "2021-12-05 00:38:37 +0300"
    },
    "done": true
  },
  "minecraft:recipes/decorations/iron_bars": {
    "criteria": {
      "has_iron_ingot": "2021-12-03 22:28:44 +0300"
    },
    "done": true
  },
  "minecraft:recipes/building_blocks/andesite_stairs_from_andesite_stonecutting": {
    "criteria": {
      "has_andesite": "2021-12-05 00:38:37 +0300"
    },
    "done": true
  },
  "cfm:recipes/cfm/brown_cooler": {
    "criteria": {
      "has_chest": "2021-12-06 01:00:17 +0300"
    },
    "done": true
  },
  "minecraft:recipes/misc/sugar": {
    "criteria": {
      "has_recipe": "2021-12-05 02:27:03 +0300"
    },
    "done": true
  },
  "immersiveengineering:recipes/immersiveengineering/crafting/coil_mv": {
    "criteria": {
      "has_iron_ingot": "2021-12-03 22:28:44 +0300"
    },
    "done": true
  },
  "minecraft:recipes/building_blocks/blue_wool": {
    "criteria": {
      "has_white_wool": "2021-12-06 00:53:47 +0300"
    },
    "done": true
  },
  "minecraft:story/obtain_armor": {
    "criteria": {
      "iron_helmet": "2021-12-03 20:39:20 +0300"
    },
    "done": true
  },
  "cfm:recipes/cfm/stripped_oak_blinds": {
    "criteria": {
      "has_log": "2021-12-04 20:38:49 +0300"
    },
    "done": true
  },
  "ironagefurniture:recipes/chairs/chair_wood_ironage_classic_oak": {
    "criteria": {
      "has_rock": "2021-12-03 22:09:32 +0300"
    },
    "done": true
  },
  "cfm:recipes/cfm/magenta_kitchen_drawer": {
    "criteria": {
      "has_chest": "2021-12-06 01:00:17 +0300"
    },
    "done": true
  },
  "rankine:recipes/decorations/copper_sheetmetal": {
    "criteria": {
      "has_copper_ingot": "2021-12-04 22:19:42 +0300"
    },
    "done": true
  },
  "cfm:recipes/cfm/brown_kitchen_drawer": {
    "criteria": {
      "has_chest": "2021-12-06 01:00:17 +0300"
    },
    "done": true
  },
  "rankine:challenges/element_collector": {
    "criteria": {
      "rankine:iron_ingot": "2021-12-03 22:28:44 +0300",
      "rankine:tin_ingot": "2021-12-04 22:21:02 +0300",
      "rankine:copper_ingot": "2021-12-04 22:19:42 +0300"
    },
    "done": false
  },
  "rankine:recipes/misc/rope_coil": {
    "criteria": {
      "has_rope": "2021-12-03 22:20:39 +0300"
    },
    "done": true
  },
  "minecraft:recipes/building_blocks/sandstone": {
    "criteria": {
      "has_sand": "2021-12-04 22:27:01 +0300"
    },
    "done": true
  },
  "minecraft:recipes/building_blocks/red_stained_glass": {
    "criteria": {
      "has_glass": "2021-12-04 22:30:19 +0300"
    },
    "done": true
  },
  "minecraft:adventure/sleep_in_bed": {
    "criteria": {
      "slept_in_bed": "2021-12-05 01:11:34 +0300"
    },
    "done": true
  },
  "immersiveengineering:recipes/immersiveengineering/crafting/metal_barrel": {
    "criteria": {
      "has_iron_sheet_slab": "2021-12-05 23:48:26 +0300"
    },
    "done": true
  },
  "minecraft:recipes/building_blocks/cobblestone_slab_from_cobblestone_stonecutting": {
    "criteria": {
      "has_cobblestone": "2021-12-03 22:04:52 +0300"
    },
    "done": true
  },
  "ironagefurniture:recipes/chairs/chair_wood_ironage_bench_back_padded_light_gray_single_oak": {
    "criteria": {
      "has_rock": "2021-12-03 22:09:32 +0300"
    },
    "done": true
  },
  "minecraft:recipes/building_blocks/oak_stairs": {
    "criteria": {
      "has_planks": "2021-12-03 22:09:32 +0300"
    },
    "done": true
  },
  "cfm:recipes/cfm/oak_kitchen_drawer": {
    "criteria": {
      "has_log": "2021-12-03 21:20:45 +0300"
    },
    "done": true
  },
  "immersiveengineering:recipes/immersiveengineering/crafting/coil_lv": {
    "criteria": {
      "has_iron_ingot": "2021-12-03 22:28:44 +0300"
    },
    "done": true
  },
  "minecraft:recipes/building_blocks/polished_andesite_slab_from_andesite_stonecutting": {
    "criteria": {
      "has_andesite": "2021-12-05 00:38:37 +0300"
    },
    "done": true
  },
  "ironchest:recipes/ironchest/chests/copper_iron_chest": {
    "criteria": {
      "has_item": "2021-12-03 22:28:44 +0300"
    },
    "done": true
  },
  "cfm:recipes/cfm/stripped_oak_coffee_table": {
    "criteria": {
      "has_planks": "2021-12-03 21:20:45 +0300"
    },
    "done": true
  },
  "cfm:recipes/cfm/stripped_oak_cabinet": {
    "criteria": {
      "has_log": "2021-12-03 21:20:45 +0300"
    },
    "done": true
  },
  "minecraft:recipes/redstone/iron_trapdoor": {
    "criteria": {
      "has_iron_ingot": "2021-12-03 22:28:44 +0300"
    },
    "done": true
  },
  "ironagefurniture:recipes/chairs/chair_wood_ironage_bench_padded_lime_single_oak": {
    "criteria": {
      "has_rock": "2021-12-03 22:09:32 +0300"
    },
    "done": true
  },
  "ironagefurniture:recipes/chairs/chair_wood_ironage_bench_back_padded_orange_single_oak": {
    "criteria": {
      "has_rock": "2021-12-03 22:09:32 +0300"
    },
    "done": true
  },
  "immersiveengineering:recipes/immersiveengineering/crafting/toolbox": {
    "criteria": {
      "has_iron_ingot": "2021-12-03 22:28:44 +0300"
    },
    "done": true
  },
  "minecraft:adventure/root": {
    "criteria": {
      "killed_something": "2021-12-03 20:42:25 +0300"
    },
    "done": true
  },
  "immersiveengineering:recipes/immersiveengineering/crafting/treated_wood_horizontal_to_slab": {
    "criteria": {
      "has_treated_wood_horizontal": "2021-12-05 00:35:39 +0300"
    },
    "done": true
  },
  "minecraft:recipes/decorations/black_bed": {
    "criteria": {
      "has_black_wool": "2021-12-06 00:53:47 +0300"
    },
    "done": true
  },
  "immersiveengineering:recipes/immersiveengineering/crafting/plate_iron_hammering": {
    "criteria": {
      "has_iron_ingot": "2021-12-03 22:28:44 +0300"
    },
    "done": true
  },
  "the_winter_rescue:root": {
    "criteria": {
      "item1": "2021-12-03 20:42:23 +0300"
    },
    "done": true
  },
  "create:recipes/create.base/crafting/kinetics/black_seat": {
    "criteria": {
      "has_wool": "2021-12-06 00:53:47 +0300"
    },
    "done": true
  },
  "minecraft:recipes/building_blocks/white_concrete_powder": {
    "criteria": {
      "has_gravel": "2021-12-03 21:26:35 +0300"
    },
    "done": true
  },
  "minecraft:recipes/building_blocks/stone_brick_stairs_from_stone_stonecutting": {
    "criteria": {
      "has_stone": "2021-12-03 22:01:35 +0300"
    },
    "done": true
  },
  "minecraft:recipes/building_blocks/white_wool_from_string": {
    "criteria": {
      "has_string": "2021-12-05 00:46:21 +0300"
    },
    "done": true
  },
  "cfm:recipes/cfm/stripped_oak_desk_cabinet": {
    "criteria": {
      "has_planks": "2021-12-03 21:20:45 +0300"
    },
    "done": true
  },
  "minecraft:adventure/kill_all_mobs": {
    "criteria": {
      "minecraft:stray": "2021-12-03 20:42:25 +0300",
      "minecraft:silverfish": "2021-12-04 22:01:01 +0300",
      "minecraft:zombie": "2021-12-03 22:07:23 +0300"
    },
    "done": false
  },
  "minecraft:recipes/building_blocks/birch_wood": {
    "criteria": {
      "has_log": "2021-12-03 21:21:12 +0300"
    },
    "done": true
  },
  "ironagefurniture:recipes/chairs/chair_wood_ironage_stool_short_oak": {
    "criteria": {
      "has_rock": "2021-12-03 22:09:32 +0300"
    },
    "done": true
  },
  "minecraft:recipes/food/cooked_beef_from_smoking": {
    "criteria": {
      "has_beef": "2021-12-03 21:01:36 +0300"
    },
    "done": true
  },
  "immersiveengineering:recipes/immersiveengineering/crafting/treated_wood_vertical_from_horizontal": {
    "criteria": {
      "has_treated_wood_horizontal": "2021-12-05 00:35:39 +0300"
    },
    "done": true
  },
  "minecraft:recipes/decorations/stone_brick_wall": {
    "criteria": {
      "has_stone_bricks": "2021-12-05 00:36:11 +0300"
    },
    "done": true
  },
  "minecraft:recipes/decorations/fletching_table": {
    "criteria": {
      "has_flint": "2021-12-03 20:46:14 +0300"
    },
    "done": true
  },
  "minecraft:recipes/building_blocks/lime_stained_glass": {
    "criteria": {
      "has_glass": "2021-12-04 22:30:19 +0300"
    },
    "done": true
  },
  "immersiveengineering:recipes/immersiveengineering/crafting/wirecutter": {
    "criteria": {
      "has_iron_ingot": "2021-12-03 22:28:44 +0300"
    },
    "done": true
  },
  "minecraft:recipes/misc/iron_nugget_from_smelting": {
    "criteria": {
      "has_iron_helmet": "2021-12-03 20:39:20 +0300"
    },
    "done": true
  },
  "immersiveengineering:recipes/immersiveengineering/crafting/stick_treated": {
    "criteria": {
      "has_treated_planks": "2021-12-05 00:35:39 +0300"
    },
    "done": true
  },
  "cfm:recipes/cfm/pink_grill": {
    "criteria": {
      "has_iron": "2021-12-03 22:28:44 +0300"
    },
    "done": true
  },
  "immersiveengineering:recipes/immersiveengineering/crafting/insulating_glass": {
    "criteria": {
      "has_glass": "2021-12-04 22:30:19 +0300"
    },
    "done": true
  },
  "minecraft:recipes/decorations/chain": {
    "criteria": {
      "has_iron_ingot": "2021-12-03 22:28:44 +0300"
    },
    "done": true
  },
  "immersiveengineering:recipes/immersiveengineering/crafting/screwdriver": {
    "criteria": {
      "has_iron_ingot": "2021-12-03 22:28:44 +0300"
    },
    "done": true
  },
  "cfm:recipes/cfm/magenta_grill": {
    "criteria": {
      "has_iron": "2021-12-03 22:28:44 +0300"
    },
    "done": true
  },
  "minecraft:recipes/decorations/oak_fence": {
    "criteria": {
      "has_recipe": "2021-12-03 22:09:32 +0300"
    },
    "done": true
  },
  "minecraft:recipes/food/cooked_cod_from_campfire_cooking": {
    "criteria": {
      "has_cod": "2021-12-05 00:36:15 +0300"
    },
    "done": true
  },
  "rankine:recipes/misc/string_rope": {
    "criteria": {
      "has_string": "2021-12-05 00:46:21 +0300"
    },
    "done": true
  },
  "immersiveengineering:recipes/immersiveengineering/crafting/connector_hv_relay": {
    "criteria": {
      "has_aluminum_ingot": "2021-12-03 22:28:44 +0300"
    },
    "done": true
  },
  "minecraft:recipes/food/baked_potato_from_grill_cooking": {
    "criteria": {
      "has_potato": "2021-12-05 00:46:21 +0300"
    },
    "done": true
  },
  "minecraft:recipes/building_blocks/light_blue_stained_glass": {
    "criteria": {
      "has_glass": "2021-12-04 22:30:19 +0300"
    },
    "done": true
  },
  "immersiveengineering:recipes/immersiveengineering/crafting/sheetmetal_colored_blue": {
    "criteria": {
      "has_sheetmetal": "2021-12-05 23:48:26 +0300"
    },
    "done": true
  },
  "minecraft:recipes/building_blocks/orange_concrete_powder": {
    "criteria": {
      "has_gravel": "2021-12-03 21:26:35 +0300"
    },
    "done": true
  },
  "minecraft:recipes/food/baked_potato_from_campfire_cooking": {
    "criteria": {
      "has_potato": "2021-12-05 00:46:21 +0300"
    },
    "done": true
  },
  "minecraft:recipes/building_blocks/oak_slab": {
    "criteria": {
      "has_recipe": "2021-12-03 22:09:32 +0300"
    },
    "done": true
  },
  "create:recipes/create.base/crafting/kinetics/red_seat": {
    "criteria": {
      "has_wool": "2021-12-06 00:53:47 +0300"
    },
    "done": true
  },
  "rankine:recipes/misc/grass_rope": {
    "criteria": {
      "knife_used": "2021-12-03 22:07:16 +0300"
    },
    "done": true
  },
  "immersivepetroleum:recipes/immersivepetroleum/upgrade_tank": {
    "criteria": {
      "has_iron_plate": "2021-12-05 23:48:12 +0300"
    },
    "done": true
  },
  "cfm:recipes/cfm/stripped_oak_park_bench": {
    "criteria": {
      "has_log": "2021-12-03 21:20:45 +0300"
    },
    "done": true
  },
  "immersiveengineering:recipes/immersiveengineering/crafting/cokebrick": {
    "criteria": {
      "has_cokebrick": "2021-12-05 02:17:35 +0300"
    },
    "done": true
  },
  "cfm:recipes/cfm/stripped_oak_upgraded_fence": {
    "criteria": {
      "has_log": "2021-12-04 20:38:49 +0300"
    },
    "done": true
  },
  "create:recipes/create.palettes/andesite_cobblestone_from_andesite_stonecutting": {
    "criteria": {
      "has_andesite": "2021-12-05 00:38:37 +0300"
    },
    "done": true
  },
  "immersiveengineering:recipes/immersiveengineering/crafting/sheetmetal_iron_to_slab": {
    "criteria": {
      "has_sheetmetal_iron": "2021-12-05 23:48:26 +0300"
    },
    "done": true
  },
  "comforts:hammock_white": {
    "criteria": {
      "has_white_wool": "2021-12-06 00:53:47 +0300"
    },
    "done": true
  },
  "cfm:recipes/cfm/birch_table": {
    "criteria": {
      "has_log": "2021-12-03 21:21:12 +0300"
    },
    "done": true
  },
  "minecraft:recipes/building_blocks/black_wool": {
    "criteria": {
      "has_white_wool": "2021-12-06 00:53:47 +0300"
    },
    "done": true
  },
  "ironagefurniture:recipes/chairs/chair_wood_ironage_stool_tall_oak": {
    "criteria": {
      "has_rock": "2021-12-03 22:09:32 +0300"
    },
    "done": true
  },
  "cfm:recipes/cfm/stripped_oak_kitchen_sink_dark": {
    "criteria": {
      "has_bottom": "2021-12-04 20:38:49 +0300"
    },
    "done": true
  },
  "cfm:recipes/cfm/crimson_kitchen_drawer": {
    "criteria": {
      "has_chest": "2021-12-06 01:00:17 +0300"
    },
    "done": true
  },
  "immersiveengineering:recipes/immersiveengineering/crafting/rs_engineering": {
    "criteria": {
      "has_copper_ingot": "2021-12-04 22:19:42 +0300"
    },
    "done": true
  },
  "minecraft:recipes/brewing/glass_bottle": {
    "criteria": {
      "has_glass": "2021-12-04 22:30:19 +0300"
    },
    "done": true
  },
  "immersiveengineering:recipes/immersiveengineering/crafting/plate_copper_hammering": {
    "criteria": {
      "has_copper_ingot": "2021-12-04 22:19:42 +0300"
    },
    "done": true
  },
  "cfm:recipes/cfm/stripped_spruce_kitchen_drawer": {
    "criteria": {
      "has_chest": "2021-12-06 01:00:17 +0300"
    },
    "done": true
  },
  "minecraft:recipes/misc/leather": {
    "criteria": {
      "has_recipe": "2021-12-04 23:47:30 +0300"
    },
    "done": true
  },
  "cfm:recipes/cfm/birch_upgraded_fence": {
    "criteria": {
      "has_log": "2021-12-03 21:21:12 +0300"
    },
    "done": true
  },
  "cfm:recipes/cfm/pink_cooler": {
    "criteria": {
      "has_chest": "2021-12-06 01:00:17 +0300"
    },
    "done": true
  },
  "cfm:recipes/cfm/stripped_oak_crate": {
    "criteria": {
      "has_planks": "2021-12-03 21:20:45 +0300"
    },
    "done": true
  },
  "rankine:recipes/decorations/bronze_sheetmetal": {
    "criteria": {
      "has_bronze_alloy": "2021-12-04 22:21:38 +0300"
    },
    "done": true
  },
  "create:recipes/create.palettes/overgrown_andesite_from_andesite_stonecutting": {
    "criteria": {
      "has_andesite": "2021-12-05 00:38:37 +0300"
    },
    "done": true
  },
  "cfm:recipes/cfm/cyan_kitchen_drawer": {
    "criteria": {
      "has_chest": "2021-12-06 01:00:17 +0300"
    },
    "done": true
  },
  "minecraft:recipes/building_blocks/iron_block": {
    "criteria": {
      "has_iron_ingot": "2021-12-03 22:28:44 +0300"
    },
    "done": true
  },
  "cfm:recipes/cfm/fridge_dark": {
    "criteria": {
      "has_iron": "2021-12-03 22:28:44 +0300"
    },
    "done": true
  },
  "cfm:recipes/cfm/oak_chair": {
    "criteria": {
      "has_log": "2021-12-03 21:20:45 +0300"
    },
    "done": true
  },
  "charcoal_pit:charcoal_pit/charcoal": {
    "criteria": {
      "item1": "2021-12-03 21:51:35 +0300"
    },
    "done": true
  },
  "create:recipes/create.base/crafting/kinetics/copper_valve_handle_from_others": {
    "criteria": {
      "has_item": "2021-12-04 22:19:42 +0300"
    },
    "done": true
  },
  "immersiveengineering:recipes/immersiveengineering/crafting/windmill_blade": {
    "criteria": {
      "has_treated_planks": "2021-12-05 00:35:39 +0300"
    },
    "done": true
  },
  "create:recipes/create.palettes/framed_glass_from_glass_colorless_stonecutting": {
    "criteria": {
      "has_glass_colorless": "2021-12-04 22:30:19 +0300"
    },
    "done": true
  },
  "minecraft:recipes/misc/red_dye_from_poppy": {
    "criteria": {
      "has_red_flower": "2021-12-06 00:27:32 +0300"
    },
    "done": true
  },
  "cfm:recipes/cfm/blue_cooler": {
    "criteria": {
      "has_chest": "2021-12-06 01:00:17 +0300"
    },
    "done": true
  },
  "cfm:recipes/cfm/birch_bedside_cabinet": {
    "criteria": {
      "has_log": "2021-12-03 21:21:12 +0300"
    },
    "done": true
  },
  "ironagefurniture:recipes/chairs/chair_wood_ironage_bench_padded_purple_single_oak": {
    "criteria": {
      "has_rock": "2021-12-03 22:09:32 +0300"
    },
    "done": true
  },
  "minecraft:recipes/building_blocks/clay": {
    "criteria": {
      "has_clay_ball": "2021-12-03 22:13:37 +0300"
    },
    "done": true
  },
  "minecraft:recipes/building_blocks/green_stained_glass": {
    "criteria": {
      "has_glass": "2021-12-04 22:30:19 +0300"
    },
    "done": true
  },
  "rankine:challenges/rankine_challenges": {
    "criteria": {
      "get_flint": "2021-12-03 20:46:14 +0300"
    },
    "done": true
  },
  "create:recipes/create.base/crafting/materials/andesite_alloy": {
    "criteria": {
      "has_item": "2021-12-03 22:28:45 +0300"
    },
    "done": true
  },
  "rankine:recipes/decorations/piston_crusher": {
    "criteria": {
      "has_crushed_ore": "2021-12-04 22:09:33 +0300"
    },
    "done": true
  },
  "minecraft:recipes/building_blocks/light_blue_wool": {
    "criteria": {
      "has_white_wool": "2021-12-06 00:53:47 +0300"
    },
    "done": true
  },
  "cfm:recipes/cfm/blue_kitchen_drawer": {
    "criteria": {
      "has_chest": "2021-12-06 01:00:17 +0300"
    },
    "done": true
  },
  "minecraft:recipes/decorations/gray_banner": {
    "criteria": {
      "has_gray_wool": "2021-12-06 00:53:47 +0300"
    },
    "done": true
  },
  "minecraft:recipes/building_blocks/oak_planks": {
    "criteria": {
      "has_recipe": "2021-12-03 21:20:45 +0300"
    },
    "done": true
  },
  "minecraft:recipes/building_blocks/gray_concrete_powder": {
    "criteria": {
      "has_gravel": "2021-12-03 21:26:35 +0300"
    },
    "done": true
  },
  "create:recipes/create.base/crafting/kinetics/cyan_seat": {
    "criteria": {
      "has_wool": "2021-12-06 00:53:47 +0300"
    },
    "done": true
  },
  "immersiveengineering:recipes/immersiveengineering/crafting/coke_to_slab": {
    "criteria": {
      "has_coke": "2021-12-07 01:32:37 +0300"
    },
    "done": true
  },
  "ironagefurniture:recipes/chairs/chair_wood_ironage_bench_back_padded_black_single_oak": {
    "criteria": {
      "has_rock": "2021-12-03 22:09:32 +0300"
    },
    "done": true
  },
  "cfm:recipes/cfm/stripped_oak_kitchen_counter": {
    "criteria": {
      "has_log": "2021-12-03 21:20:45 +0300"
    },
    "done": true
  },
  "immersivepetroleum:recipes/immersivepetroleum/auto_lubricator": {
    "criteria": {
      "has_treated_planks": "2021-12-05 00:35:39 +0300"
    },
    "done": true
  },
  "minecraft:recipes/tools/iron_axe": {
    "criteria": {
      "has_iron_ingot": "2021-12-03 22:28:44 +0300"
    },
    "done": true
  },
  "immersiveengineering:recipes/immersiveengineering/crafting/wire_copper": {
    "criteria": {
      "has_copper_ingot": "2021-12-04 22:19:42 +0300"
    },
    "done": true
  },
  "immersivepetroleum:recipes/immersivepetroleum/upgrade_paddles": {
    "criteria": {
      "has_treated_planks": "2021-12-05 00:35:39 +0300"
    },
    "done": true
  },
  "cfm:recipes/cfm/spruce_mail_box": {
    "criteria": {
      "has_chest": "2021-12-06 01:00:17 +0300"
    },
    "done": true
  },
  "ironagefurniture:recipes/chairs/chair_wood_ironage_bench_padded_white_single_oak": {
    "criteria": {
      "has_rock": "2021-12-03 22:09:32 +0300"
    },
    "done": true
  },
  "cfm:recipes/cfm/birch_desk_cabinet": {
    "criteria": {
      "has_log": "2021-12-03 21:21:12 +0300"
    },
    "done": true
  },
  "cfm:recipes/cfm/purple_kitchen_drawer": {
    "criteria": {
      "has_chest": "2021-12-06 01:00:17 +0300"
    },
    "done": true
  },
  "minecraft:recipes/decorations/black_banner": {
    "criteria": {
      "has_black_wool": "2021-12-06 00:53:47 +0300"
    },
    "done": true
  },
  "minecraft:recipes/decorations/gray_carpet": {
    "criteria": {
      "has_gray_wool": "2021-12-06 00:53:47 +0300"
    },
    "done": true
  },
  "minecraft:recipes/redstone/tripwire_hook": {
    "criteria": {
      "has_string": "2021-12-05 00:46:21 +0300"
    },
    "done": true
  },
  "minecraft:recipes/combat/iron_boots": {
    "criteria": {
      "has_iron_ingot": "2021-12-03 22:28:44 +0300"
    },
    "done": true
  },
  "minecraft:recipes/misc/bone_meal": {
    "criteria": {
      "has_bone": "2021-12-03 21:10:31 +0300"
    },
    "done": true
  },
  "minecraft:recipes/building_blocks/birch_planks": {
    "criteria": {
      "has_recipe": "2021-12-03 21:21:12 +0300"
    },
    "done": true
  },
  "immersiveengineering:recipes/immersiveengineering/crafting/stairs_treated_wood_horizontal": {
    "criteria": {
      "has_treated_wood_horizontal": "2021-12-05 00:35:39 +0300"
    },
    "done": true
  },
  "minecraft:recipes/building_blocks/black_concrete_powder": {
    "criteria": {
      "has_gravel": "2021-12-03 21:26:35 +0300"
    },
    "done": true
  },
  "immersiveengineering:recipes/immersiveengineering/crafting/cokebrick_to_slab": {
    "criteria": {
      "has_cokebrick": "2021-12-05 02:17:35 +0300"
    },
    "done": true
  },
  "comforts:sleeping_bag_white": {
    "criteria": {
      "has_white_wool": "2021-12-06 00:53:47 +0300"
    },
    "done": true
  },
  "rankine:story/make_bandage": {
    "criteria": {
      "bandage": "2021-12-03 20:46:14 +0300"
    },
    "done": true
  },
  "comforts:sleeping_bag_gray": {
    "criteria": {
      "has_gray_wool": "2021-12-06 00:53:47 +0300"
    },
    "done": true
  },
  "cfm:recipes/cfm/stripped_birch_coffee_table": {
    "criteria": {
      "has_planks": "2021-12-03 21:21:12 +0300"
    },
    "done": true
  },
  "cfm:recipes/cfm/orange_kitchen_drawer": {
    "criteria": {
      "has_chest": "2021-12-06 01:00:17 +0300"
    },
    "done": true
  },
  "minecraft:recipes/redstone/stone_button": {
    "criteria": {
      "has_stone": "2021-12-03 22:01:35 +0300"
    },
    "done": true
  },
  "minecraft:recipes/combat/crossbow": {
    "criteria": {
      "has_stick": "2021-12-03 20:42:23 +0300"
    },
    "done": true
  },
  "minecraft:recipes/combat/iron_chestplate": {
    "criteria": {
      "has_iron_ingot": "2021-12-03 22:28:44 +0300"
    },
    "done": true
  },
  "minecraft:recipes/building_blocks/yellow_wool": {
    "criteria": {
      "has_white_wool": "2021-12-06 00:53:47 +0300"
    },
    "done": true
  },
  "minecraft:recipes/decorations/oak_sign": {
    "criteria": {
      "has_oak_planks": "2021-12-03 22:09:32 +0300"
    },
    "done": true
  },
  "immersiveengineering:recipes/immersiveengineering/crafting/sheetmetal_colored_lime": {
    "criteria": {
      "has_sheetmetal": "2021-12-05 23:48:26 +0300"
    },
    "done": true
  },
  "cfm:recipes/cfm/stripped_birch_mail_box": {
    "criteria": {
      "has_chest": "2021-12-06 01:00:17 +0300"
    },
    "done": true
  },
  "minecraft:recipes/redstone/oak_trapdoor": {
    "criteria": {
      "has_planks": "2021-12-03 22:09:32 +0300"
    },
    "done": true
  },
  "tetra:recipes/string": {
    "criteria": {
      "got_string": "2021-12-05 00:46:21 +0300"
    },
    "done": true
  },
  "create:recipes/create.base/crafting/appliances/tree_fertilizer": {
    "criteria": {
      "has_item": "2021-12-07 01:56:06 +0300"
    },
    "done": true
  },
  "modularrouters:recipes/modularrouters/item_router": {
    "criteria": {
      "has_iron_ingot": "2021-12-03 22:28:44 +0300"
    },
    "done": true
  },
  "comforts:rope_and_nail": {
    "criteria": {
      "has_iron": "2021-12-03 22:28:44 +0300"
    },
    "done": true
  },
  "create:recipes/create.palettes/andesite_pillar": {
    "criteria": {
      "has_andesite": "2021-12-05 00:38:37 +0300"
    },
    "done": true
  },
  "create:recipes/create.base/crafting/kinetics/empty_blaze_burner": {
    "criteria": {
      "has_item": "2021-12-03 22:28:44 +0300"
    },
    "done": true
  },
  "ironagefurniture:recipes/chairs/chair_wood_ironage_bench_back_padded_green_single_oak": {
    "criteria": {
      "has_rock": "2021-12-03 22:09:32 +0300"
    },
    "done": true
  },
  "cfm:recipes/cfm/stripped_oak_desk": {
    "criteria": {
      "has_planks": "2021-12-03 21:20:45 +0300"
    },
    "done": true
  },
  "minecraft:recipes/building_blocks/red_concrete_powder": {
    "criteria": {
      "has_gravel": "2021-12-03 21:26:35 +0300"
    },
    "done": true
  },
  "minecraft:recipes/misc/iron_nugget_from_blasting": {
    "criteria": {
      "has_iron_helmet": "2021-12-03 20:39:20 +0300"
    },
    "done": true
  },
  "cfm:recipes/cfm/stripped_oak_mail_box": {
    "criteria": {
      "has_chest": "2021-12-06 01:00:17 +0300"
    },
    "done": true
  },
  "minecraft:adventure/kill_a_mob": {
    "criteria": {
      "minecraft:stray": "2021-12-03 20:42:25 +0300"
    },
    "done": true
  },
  "ironagefurniture:recipes/chairs/chair_wood_ironage_bench_back_padded_brown_single_oak": {
    "criteria": {
      "has_rock": "2021-12-03 22:09:32 +0300"
    },
    "done": true
  },
  "minecraft:recipes/building_blocks/stone": {
    "criteria": {
      "has_cobblestone": "2021-12-03 22:04:52 +0300"
    },
    "done": true
  },
  "create:recipes/create.base/crafting/appliances/diving_helmet": {
    "criteria": {
      "has_item": "2021-12-04 22:19:42 +0300"
    },
    "done": true
  },
  "minecraft:recipes/decorations/stonecutter": {
    "criteria": {
      "has_stone": "2021-12-03 22:01:35 +0300"
    },
    "done": true
  },
  "minecraft:adventure/adventuring_time": {
    "criteria": {
      "minecraft:forest": "2021-12-03 20:39:19 +0300",
      "minecraft:mountains": "2021-12-03 20:44:39 +0300",
      "minecraft:beach": "2021-12-06 00:30:07 +0300",
      "minecraft:river": "2021-12-03 20:42:40 +0300",
      "minecraft:lukewarm_ocean": "2021-12-06 00:30:09 +0300",
      "minecraft:wooded_mountains": "2021-12-07 02:18:23 +0300",
      "minecraft:wooded_hills": "2021-12-03 20:43:02 +0300",
      "minecraft:plains": "2021-12-03 20:43:55 +0300"
    },
    "done": false
  },
  "ironchest:recipes/ironchest/chests/vanilla_iron_chest": {
    "criteria": {
      "has_iron_ingot": "2021-12-03 22:28:44 +0300"
    },
    "done": true
  },
  "immersiveengineering:recipes/immersiveengineering/crafting/capacitor_hv": {
    "criteria": {
      "has_treated_planks": "2021-12-05 00:35:39 +0300"
    },
    "done": true
  },
  "cfm:recipes/cfm/red_grill": {
    "criteria": {
      "has_iron": "2021-12-03 22:28:44 +0300"
    },
    "done": true
  },
  "cfm:recipes/cfm/green_kitchen_drawer": {
    "criteria": {
      "has_chest": "2021-12-06 01:00:17 +0300"
    },
    "done": true
  },
  "minecraft:recipes/decorations/cobblestone_wall": {
    "criteria": {
      "has_cobblestone": "2021-12-03 22:04:52 +0300"
    },
    "done": true
  },
  "minecraft:recipes/decorations/barrel": {
    "criteria": {
      "has_planks": "2021-12-03 22:09:32 +0300"
    },
    "done": true
  },
  "cfm:recipes/cfm/stone_cabinet": {
    "criteria": {
      "has_log": "2021-12-03 22:01:35 +0300"
    },
    "done": true
  },
  "rankine:challenges/rock_collector": {
    "criteria": {
      "rankine:black_dacite": "2021-12-06 01:14:10 +0300",
      "rankine:pegmatite": "2021-12-04 22:00:15 +0300",
      "rankine:breccia": "2021-12-03 22:06:26 +0300",
      "rankine:white_marble": "2021-12-05 00:36:45 +0300",
      "rankine:dolostone": "2021-12-03 21:57:51 +0300",
      "rankine:hornblende_andesite": "2021-12-06 01:08:40 +0300",
      "rankine:mica_schist": "2021-12-05 01:10:13 +0300",
      "rankine:tufa_limestone": "2021-12-03 21:11:09 +0300",
      "rankine:red_dacite": "2021-12-04 21:59:25 +0300",
      "rankine:gray_granite": "2021-12-04 22:04:33 +0300",
      "rankine:komatiite": "2021-12-04 22:02:34 +0300",
      "rankine:black_marble": "2021-12-05 00:45:10 +0300"
    },
    "done": false
  },
  "create:recipes/create.base/crafting/appliances/diving_boots": {
    "criteria": {
      "has_item": "2021-12-04 22:19:42 +0300"
    },
    "done": true
  },
  "minecraft:recipes/decorations/smithing_table": {
    "criteria": {
      "has_iron_ingot": "2021-12-03 22:28:44 +0300"
    },
    "done": true
  },
  "cfm:recipes/cfm/oak_desk_cabinet": {
    "criteria": {
      "has_log": "2021-12-03 21:20:45 +0300"
    },
    "done": true
  },
  "immersiveengineering:recipes/immersiveengineering/crafting/alloybrick": {
    "criteria": {
      "has_brick": "2021-12-05 01:11:57 +0300"
    },
    "done": true
  },
  "minecraft:recipes/redstone/stone_pressure_plate": {
    "criteria": {
      "has_stone": "2021-12-03 22:01:35 +0300"
    },
    "done": true
  },
  "minecraft:recipes/building_blocks/brown_stained_glass": {
    "criteria": {
      "has_glass": "2021-12-04 22:30:19 +0300"
    },
    "done": true
  },
  "minecraft:husbandry/plant_seed": {
    "criteria": {
      "wheat": "2021-12-07 01:29:52 +0300"
    },
    "done": true
  },
  "minecraft:recipes/combat/leather_boots": {
    "criteria": {
      "has_recipe": "2021-12-04 20:38:30 +0300"
    },
    "done": true
  },
  "minecraft:recipes/decorations/cobblestone_wall_from_cobblestone_stonecutting": {
    "criteria": {
      "has_cobblestone": "2021-12-03 22:04:52 +0300"
    },
    "done": true
  },
  "ironagefurniture:recipes/chairs/chair_wood_ironage_bench_back_padded_pink_single_oak": {
    "criteria": {
      "has_rock": "2021-12-03 22:09:32 +0300"
    },
    "done": true
  },
  "cfm:recipes/cfm/light_gray_cooler": {
    "criteria": {
      "has_chest": "2021-12-06 01:00:17 +0300"
    },
    "done": true
  },
  "minecraft:recipes/decorations/grindstone": {
    "criteria": {
      "has_stone_slab": "2021-12-03 22:22:54 +0300"
    },
    "done": true
  },
  "minecraft:recipes/building_blocks/light_gray_stained_glass": {
    "criteria": {
      "has_glass": "2021-12-04 22:30:19 +0300"
    },
    "done": true
  },
  "cfm:recipes/cfm/stripped_dark_oak_mail_box": {
    "criteria": {
      "has_chest": "2021-12-06 01:00:17 +0300"
    },
    "done": true
  },
  "cfm:recipes/cfm/red_kitchen_drawer": {
    "criteria": {
      "has_chest": "2021-12-06 01:00:17 +0300"
    },
    "done": true
  },
  "cfm:recipes/cfm/black_grill": {
    "criteria": {
      "has_iron": "2021-12-03 22:28:44 +0300"
    },
    "done": true
  },
  "cfm:recipes/cfm/light_blue_kitchen_drawer": {
    "criteria": {
      "has_chest": "2021-12-06 01:00:17 +0300"
    },
    "done": true
  },
  "minecraft:recipes/decorations/flower_pot": {
    "criteria": {
      "has_recipe": "2021-12-05 01:11:57 +0300"
    },
    "done": true
  },
  "create:recipes/create.base/crafting/kinetics/white_seat": {
    "criteria": {
      "has_wool": "2021-12-06 00:53:47 +0300"
    },
    "done": true
  },
  "tetra:recipes/planks": {
    "criteria": {
      "got_wood": "2021-12-03 22:09:32 +0300"
    },
    "done": true
  },
  "ironagefurniture:recipes/chairs/chair_wood_ironage_bench_back_padded_cyan_single_oak": {
    "criteria": {
      "has_rock": "2021-12-03 22:09:32 +0300"
    },
    "done": true
  },
  "minecraft:recipes/building_blocks/stripped_oak_wood": {
    "criteria": {
      "has_log": "2021-12-04 20:38:49 +0300"
    },
    "done": true
  },
  "cfm:recipes/cfm/stripped_dark_oak_kitchen_drawer": {
    "criteria": {
      "has_chest": "2021-12-06 01:00:17 +0300"
    },
    "done": true
  },
  "create:recipes/create.base/crafting/kinetics/smart_fluid_pipe": {
    "criteria": {
      "has_item": "2021-12-04 22:19:42 +0300"
    },
    "done": true
  },
  "immersiveengineering:recipes/immersiveengineering/crafting/drillhead_iron": {
    "criteria": {
      "has_iron_ingot": "2021-12-03 22:28:44 +0300"
    },
    "done": true
  },
  "ironagefurniture:recipes/chairs/chair_wood_ironage_bench_padded_red_single_oak": {
    "criteria": {
      "has_rock": "2021-12-03 22:09:32 +0300"
    },
    "done": true
  },
  "minecraft:recipes/food/cooked_cod_from_smoking": {
    "criteria": {
      "has_cod": "2021-12-05 00:36:15 +0300"
    },
    "done": true
  },
  "immersiveengineering:recipes/immersiveengineering/crafting/empty_casing": {
    "criteria": {
      "has_coppper_ingot": "2021-12-04 22:19:42 +0300"
    },
    "done": true
  },
  "minecraft:recipes/decorations/lantern": {
    "criteria": {
      "has_iron_ingot": "2021-12-03 22:28:44 +0300"
    },
    "done": true
  },
  "cfm:recipes/cfm/light_blue_cooler": {
    "criteria": {
      "has_chest": "2021-12-06 01:00:17 +0300"
    },
    "done": true
  },
  "rankine:recipes/misc/mortar": {
    "criteria": {
      "has_clay_ball": "2021-12-03 22:13:37 +0300"
    },
    "done": true
  },
  "cfm:recipes/cfm/light_blue_grill": {
    "criteria": {
      "has_iron": "2021-12-03 22:28:44 +0300"
    },
    "done": true
  },
  "ironagefurniture:recipes/chairs/chair_wood_ironage_bench_log_single_oak": {
    "criteria": {
      "has_rock": "2021-12-03 22:09:32 +0300"
    },
    "done": true
  },
  "cfm:recipes/cfm/post_box": {
    "criteria": {
      "has_iron": "2021-12-03 22:28:44 +0300"
    },
    "done": true
  },
  "cfm:recipes/cfm/stripped_acacia_mail_box": {
    "criteria": {
      "has_chest": "2021-12-06 01:00:17 +0300"
    },
    "done": true
  },
  "charcoal_pit:charcoal_pit/fire_starter": {
    "criteria": {
      "item1": "2021-12-03 22:07:06 +0300"
    },
    "done": true
  },
  "cfm:recipes/cfm/stripped_acacia_kitchen_drawer": {
    "criteria": {
      "has_chest": "2021-12-06 01:00:17 +0300"
    },
    "done": true
  },
  "cfm:recipes/cfm/purple_cooler": {
    "criteria": {
      "has_chest": "2021-12-06 01:00:17 +0300"
    },
    "done": true
  },
  "immersiveengineering:recipes/immersiveengineering/crafting/sheetmetal_colored_white": {
    "criteria": {
      "has_sheetmetal": "2021-12-05 23:48:26 +0300"
    },
    "done": true
  },
  "ironagefurniture:recipes/chairs/chair_wood_ironage_bench_back_padded_lime_single_oak": {
    "criteria": {
      "has_rock": "2021-12-03 22:09:32 +0300"
    },
    "done": true
  },
  "cfm:recipes/cfm/stripped_jungle_kitchen_drawer": {
    "criteria": {
      "has_chest": "2021-12-06 01:00:17 +0300"
    },
    "done": true
  },
  "cfm:recipes/cfm/birch_kitchen_drawer": {
    "criteria": {
      "has_log": "2021-12-03 21:21:12 +0300"
    },
    "done": true
  },
  "cfm:recipes/cfm/stone_table": {
    "criteria": {
      "has_log": "2021-12-03 22:01:35 +0300"
    },
    "done": true
  },
  "immersiveengineering:recipes/immersiveengineering/crafting/fluid_placer": {
    "criteria": {
      "has_iron_plate": "2021-12-05 23:48:12 +0300"
    },
    "done": true
  },
  "ironchest:recipes/ironchest/upgrades/wood_to_copper_chest_upgrade": {
    "criteria": {
      "has_item": "2021-12-03 22:09:32 +0300"
    },
    "done": true
  },
  "minecraft:recipes/decorations/andesite_wall": {
    "criteria": {
      "has_andesite": "2021-12-05 00:38:37 +0300"
    },
    "done": true
  },
  "minecraft:recipes/building_blocks/light_gray_wool": {
    "criteria": {
      "has_white_wool": "2021-12-06 00:53:47 +0300"
    },
    "done": true
  },
  "immersiveengineering:recipes/immersiveengineering/crafting/treated_fence": {
    "criteria": {
      "has_treated_planks": "2021-12-05 00:35:39 +0300"
    },
    "done": true
  },
  "minecraft:recipes/building_blocks/andesite_slab": {
    "criteria": {
      "has_recipe": "2021-12-05 00:38:37 +0300"
    },
    "done": true
  },
  "minecraft:recipes/building_blocks/red_wool": {
    "criteria": {
      "has_white_wool": "2021-12-06 00:53:47 +0300"
    },
    "done": true
  },
  "cfm:recipes/cfm/black_cooler": {
    "criteria": {
      "has_chest": "2021-12-06 01:00:17 +0300"
    },
    "done": true
  },
  "immersiveengineering:recipes/immersiveengineering/crafting/treated_wood_horizontal_from_slab": {
    "criteria": {
      "has_treated_wood_horizontal": "2021-12-05 00:35:39 +0300"
    },
    "done": true
  },
  "cfm:recipes/cfm/birch_cabinet": {
    "criteria": {
      "has_log": "2021-12-03 21:21:12 +0300"
    },
    "done": true
  },
  "cfm:recipes/cfm/stripped_oak_upgraded_gate": {
    "criteria": {
      "has_log": "2021-12-04 20:38:49 +0300"
    },
    "done": true
  },
  "create:recipes/create.base/crafting/kinetics/hose_pulley": {
    "criteria": {
      "has_item": "2021-12-04 22:19:42 +0300"
    },
    "done": true
  },
  "minecraft:recipes/food/cooked_cod_from_grill_cooking": {
    "criteria": {
      "has_cod": "2021-12-05 00:36:15 +0300"
    },
    "done": true
  },
  "immersiveengineering:recipes/immersiveengineering/crafting/sheetmetal_colored_brown": {
    "criteria": {
      "has_sheetmetal": "2021-12-05 23:48:26 +0300"
    },
    "done": true
  },
  "immersiveengineering:recipes/immersiveengineering/crafting/empty_shell": {
    "criteria": {
      "has_coppper_ingot": "2021-12-04 22:19:42 +0300"
    },
    "done": true
  },
  "ironagefurniture:recipes/chairs/chair_wood_ironage_bench_back_single_oak": {
    "criteria": {
      "has_rock": "2021-12-03 22:09:32 +0300"
    },
    "done": true
  },
  "immersiveengineering:recipes/immersiveengineering/crafting/capacitor_lv": {
    "criteria": {
      "has_copper_ingot": "2021-12-04 22:19:42 +0300"
    },
    "done": true
  },
  "minecraft:recipes/building_blocks/purple_wool": {
    "criteria": {
      "has_white_wool": "2021-12-06 00:53:47 +0300"
    },
    "done": true
  },
  "ironchest:recipes/ironchest/chests/vanilla_copper_chest": {
    "criteria": {
      "has_item": "2021-12-04 22:19:42 +0300"
    },
    "done": true
  },
  "minecraft:recipes/building_blocks/cobblestone_stairs_from_cobblestone_stonecutting": {
    "criteria": {
      "has_cobblestone": "2021-12-03 22:04:52 +0300"
    },
    "done": true
  },
  "comforts:hammock_black": {
    "criteria": {
      "has_black_wool": "2021-12-06 00:53:47 +0300"
    },
    "done": true
  },
  "minecraft:recipes/building_blocks/magenta_concrete_powder": {
    "criteria": {
      "has_gravel": "2021-12-03 21:26:35 +0300"
    },
    "done": true
  },
  "ironagefurniture:recipes/chairs/chair_wood_ironage_bench_padded_light_blue_single_oak": {
    "criteria": {
      "has_rock": "2021-12-03 22:09:32 +0300"
    },
    "done": true
  },
  "create:recipes/create.palettes/horizontal_framed_glass_from_glass_colorless_stonecutting": {
    "criteria": {
      "has_glass_colorless": "2021-12-04 22:30:19 +0300"
    },
    "done": true
  },
  "create:recipes/create.base/crafting/kinetics/blue_seat": {
    "criteria": {
      "has_wool": "2021-12-06 00:53:47 +0300"
    },
    "done": true
  },
  "cfm:recipes/cfm/white_cooler": {
    "criteria": {
      "has_chest": "2021-12-06 01:00:17 +0300"
    },
    "done": true
  },
  "minecraft:recipes/building_blocks/polished_andesite_stairs_from_andesite_stonecutting": {
    "criteria": {
      "has_andesite": "2021-12-05 00:38:37 +0300"
    },
    "done": true
  },
  "immersiveengineering:recipes/immersiveengineering/crafting/sheetmetal_colored_light_gray": {
    "criteria": {
      "has_sheetmetal": "2021-12-05 23:48:26 +0300"
    },
    "done": true
  },
  "minecraft:recipes/decorations/white_bed": {
    "criteria": {
      "has_white_wool": "2021-12-06 00:53:47 +0300"
    },
    "done": true
  },
  "minecraft:recipes/building_blocks/stone_brick_slab_from_stone_bricks_stonecutting": {
    "criteria": {
      "has_stone_bricks": "2021-12-05 00:36:11 +0300"
    },
    "done": true
  },
  "cfm:recipes/cfm/stripped_warped_mail_box": {
    "criteria": {
      "has_chest": "2021-12-06 01:00:17 +0300"
    },
    "done": true
  },
  "cfm:recipes/cfm/birch_upgraded_gate": {
    "criteria": {
      "has_log": "2021-12-03 21:21:12 +0300"
    },
    "done": true
  },
  "cfm:recipes/cfm/stone_desk_cabinet": {
    "criteria": {
      "has_log": "2021-12-03 22:01:35 +0300"
    },
    "done": true
  },
  "minecraft:recipes/decorations/campfire": {
    "criteria": {
      "has_recipe": "2021-12-03 21:51:35 +0300"
    },
    "done": true
  },
  "charcoal_pit:charcoal_pit/coke": {
    "criteria": {
      "item1": "2021-12-04 22:42:25 +0300"
    },
    "done": true
  },
  "ironagefurniture:recipes/chairs/chair_wood_ironage_bench_back_padded_red_single_oak": {
    "criteria": {
      "has_rock": "2021-12-03 22:09:32 +0300"
    },
    "done": true
  },
  "minecraft:recipes/building_blocks/smooth_stone": {
    "criteria": {
      "has_stone": "2021-12-03 22:01:35 +0300"
    },
    "done": true
  },
  "cfm:recipes/cfm/stone_coffee_table": {
    "criteria": {
      "has_log": "2021-12-03 22:01:35 +0300"
    },
    "done": true
  },
  "immersiveengineering:recipes/immersiveengineering/crafting/craftingtable": {
    "criteria": {
      "has_treated_planks": "2021-12-05 00:35:39 +0300"
    },
    "done": true
  },
  "minecraft:recipes/misc/iron_nugget": {
    "criteria": {
      "has_iron_ingot": "2021-12-03 22:28:44 +0300"
    },
    "done": true
  },
  "immersiveengineering:recipes/immersiveengineering/crafting/stick_iron": {
    "criteria": {
      "has_iron_ingot": "2021-12-03 22:28:44 +0300"
    },
    "done": true
  },
  "immersiveengineering:recipes/immersiveengineering/crafting/chute_iron": {
    "criteria": {
      "has_plate": "2021-12-05 23:48:12 +0300"
    },
    "done": true
  },
  "minecraft:recipes/building_blocks/brown_concrete_powder": {
    "criteria": {
      "has_gravel": "2021-12-03 21:26:35 +0300"
    },
    "done": true
  },
  "minecraft:recipes/building_blocks/stone_slab_from_stone_stonecutting": {
    "criteria": {
      "has_stone": "2021-12-03 22:01:35 +0300"
    },
    "done": true
  },
  "ironagefurniture:recipes/chairs/chair_wood_ironage_bench_padded_green_single_oak": {
    "criteria": {
      "has_rock": "2021-12-03 22:09:32 +0300"
    },
    "done": true
  },
  "create:recipes/create.base/crafting/kinetics/fluid_valve": {
    "criteria": {
      "has_item": "2021-12-04 22:19:42 +0300"
    },
    "done": true
  },
  "ironchest:recipes/ironchest/chests/vanilla_dirt_chest": {
    "criteria": {
      "has_iron_ingot": "2021-12-03 21:10:25 +0300"
    },
    "done": true
  },
  "immersiveengineering:recipes/decorations/crafting/torch": {
    "criteria": {
      "has_stick": "2021-12-03 20:42:23 +0300"
    },
    "done": true
  },
  "ironagefurniture:recipes/chairs/chair_wood_ironage_bench_padded_brown_single_oak": {
    "criteria": {
      "has_rock": "2021-12-03 22:09:32 +0300"
    },
    "done": true
  },
  "cfm:recipes/cfm/stripped_oak_chair": {
    "criteria": {
      "has_planks": "2021-12-03 21:20:45 +0300"
    },
    "done": true
  },
  "ironagefurniture:recipes/chairs/chair_wood_ironage_bench_single_oak": {
    "criteria": {
      "has_rock": "2021-12-03 22:09:32 +0300"
    },
    "done": true
  },
  "minecraft:recipes/building_blocks/blue_stained_glass": {
    "criteria": {
      "has_glass": "2021-12-04 22:30:19 +0300"
    },
    "done": true
  },
  "minecraft:recipes/building_blocks/cyan_wool": {
    "criteria": {
      "has_white_wool": "2021-12-06 00:53:47 +0300"
    },
    "done": true
  },
  "minecraft:recipes/food/cooked_beef_from_grill_cooking": {
    "criteria": {
      "has_beef": "2021-12-03 21:01:36 +0300"
    },
    "done": true
  },
  "cfm:recipes/cfm/oak_crate": {
    "criteria": {
      "has_log": "2021-12-03 21:20:45 +0300"
    },
    "done": true
  },
  "cfm:recipes/cfm/trampoline": {
    "criteria": {
      "has_iron": "2021-12-03 22:28:44 +0300"
    },
    "done": true
  },
  "immersiveengineering:recipes/immersiveengineering/crafting/connector_lv": {
    "criteria": {
      "has_copper_ingot": "2021-12-04 22:19:42 +0300"
    },
    "done": true
  },
  "minecraft:recipes/misc/white_dye": {
    "criteria": {
      "has_bone_meal": "2021-12-07 01:56:06 +0300"
    },
    "done": true
  },
  "rankine:recipes/misc/pozzolanic_mortar": {
    "criteria": {
      "has_quicklime": "2021-12-05 01:29:53 +0300"
    },
    "done": true
  },
  "cfm:recipes/cfm/stripped_birch_kitchen_counter": {
    "criteria": {
      "has_log": "2021-12-03 21:21:12 +0300"
    },
    "done": true
  },
  "cfm:recipes/cfm/rock_path": {
    "criteria": {
      "has_stone": "2021-12-03 22:01:35 +0300"
    },
    "done": true
  },
  "immersiveengineering:recipes/immersiveengineering/crafting/sheetmetal_colored_cyan": {
    "criteria": {
      "has_sheetmetal": "2021-12-05 23:48:26 +0300"
    },
    "done": true
  },
  "ironagefurniture:recipes/chairs/chair_wood_ironage_bench_padded_black_single_oak": {
    "criteria": {
      "has_rock": "2021-12-03 22:09:32 +0300"
    },
    "done": true
  },
  "minecraft:recipes/building_blocks/cracked_stone_bricks": {
    "criteria": {
      "has_stone_bricks": "2021-12-05 00:36:11 +0300"
    },
    "done": true
  },
  "immersiveengineering:recipes/misc/crafting/paper_from_sawdust": {
    "criteria": {
      "has_sawdust": "2021-12-05 01:22:58 +0300"
    },
    "done": true
  },
  "cfm:recipes/cfm/stripped_oak_table": {
    "criteria": {
      "has_planks": "2021-12-03 21:20:45 +0300"
    },
    "done": true
  },
  "create:recipes/create.palettes/oak_window": {
    "criteria": {
      "has_ingredient": "2021-12-03 22:09:32 +0300"
    },
    "done": true
  },
  "minecraft:recipes/tools/flint_and_steel": {
    "criteria": {
      "has_flint": "2021-12-03 20:46:14 +0300"
    },
    "done": true
  },
  "cfm:recipes/cfm/green_cooler": {
    "criteria": {
      "has_chest": "2021-12-06 01:00:17 +0300"
    },
    "done": true
  },
  "minecraft:recipes/building_blocks/gray_wool": {
    "criteria": {
      "has_white_wool": "2021-12-06 00:53:47 +0300"
    },
    "done": true
  },
  "cfm:recipes/cfm/oak_kitchen_counter": {
    "criteria": {
      "has_log": "2021-12-03 21:20:45 +0300"
    },
    "done": true
  },
  "minecraft:recipes/misc/sugar_from_sugar_cane": {
    "criteria": {
      "has_reeds": "2021-12-05 02:27:03 +0300"
    },
    "done": true
  },
  "cfm:recipes/cfm/stripped_oak_kitchen_drawer": {
    "criteria": {
      "has_log": "2021-12-03 21:20:45 +0300"
    },
    "done": true
  },
  "cfm:recipes/cfm/light_gray_kitchen_drawer": {
    "criteria": {
      "has_chest": "2021-12-06 01:00:17 +0300"
    },
    "done": true
  },
  "minecraft:husbandry/balanced_diet": {
    "criteria": {
      "cooked_mutton": "2021-12-06 01:23:03 +0300",
      "cooked_beef": "2021-12-03 22:09:17 +0300",
      "baked_potato": "2021-12-05 00:53:24 +0300",
      "cooked_cod": "2021-12-05 01:03:32 +0300",
      "bread": "2021-12-03 20:42:30 +0300"
    },
    "done": false
  },
  "create:recipes/create.palettes/vertical_framed_glass_from_glass_colorless_stonecutting": {
    "criteria": {
      "has_glass_colorless": "2021-12-04 22:30:19 +0300"
    },
    "done": true
  },
  "cfm:recipes/cfm/stripped_spruce_mail_box": {
    "criteria": {
      "has_chest": "2021-12-06 01:00:17 +0300"
    },
    "done": true
  },
  "cfm:recipes/cfm/oak_blinds": {
    "criteria": {
      "has_log": "2021-12-03 21:20:45 +0300"
    },
    "done": true
  },
  "cfm:recipes/cfm/birch_park_bench": {
    "criteria": {
      "has_log": "2021-12-03 21:21:12 +0300"
    },
    "done": true
  },
  "cfm:recipes/cfm/stone_desk": {
    "criteria": {
      "has_log": "2021-12-03 22:01:35 +0300"
    },
    "done": true
  },
  "immersiveengineering:recipes/immersiveengineering/crafting/voltmeter": {
    "criteria": {
      "has_copper_ingot": "2021-12-04 22:19:42 +0300"
    },
    "done": true
  },
  "minecraft:recipes/food/cooked_cod": {
    "criteria": {
      "has_cod": "2021-12-05 00:36:15 +0300"
    },
    "done": true
  },
  "minecraft:recipes/misc/bucket": {
    "criteria": {
      "has_iron_ingot": "2021-12-03 22:28:44 +0300"
    },
    "done": true
  },
  "ironagefurniture:recipes/chairs/chair_wood_ironage_bench_back_padded_blue_single_oak": {
    "criteria": {
      "has_rock": "2021-12-03 22:09:32 +0300"
    },
    "done": true
  },
  "cfm:recipes/cfm/andesite_table": {
    "criteria": {
      "has_planks": "2021-12-05 00:38:37 +0300"
    },
    "done": true
  },
  "minecraft:recipes/building_blocks/cobblestone_stairs": {
    "criteria": {
      "has_cobblestone": "2021-12-03 22:04:52 +0300"
    },
    "done": true
  },
  "ironagefurniture:recipes/chairs/chair_wood_ironage_bench_back_padded_magenta_single_oak": {
    "criteria": {
      "has_rock": "2021-12-03 22:09:32 +0300"
    },
    "done": true
  },
  "cfm:recipes/cfm/oak_kitchen_sink_dark": {
    "criteria": {
      "has_bottom": "2021-12-03 22:09:32 +0300"
    },
    "done": true
  },
  "minecraft:recipes/building_blocks/stone_brick_stairs_from_stone_bricks_stonecutting": {
    "criteria": {
      "has_stone_bricks": "2021-12-05 00:36:11 +0300"
    },
    "done": true
  },
  "immersiveengineering:recipes/immersiveengineering/crafting/capacitor_mv": {
    "criteria": {
      "has_treated_planks": "2021-12-05 00:35:39 +0300"
    },
    "done": true
  },
  "crockpot:gnaw_will_be_happy": {
    "criteria": {
      "potato_souffle": "2021-12-07 01:36:14 +0300",
      "iced_tea": "2021-12-04 22:32:59 +0300",
      "turkey_dinner": "2021-12-05 00:20:10 +0300"
    },
    "done": false
  },
  "cfm:recipes/cfm/stripped_birch_chair": {
    "criteria": {
      "has_planks": "2021-12-03 21:21:12 +0300"
    },
    "done": true
  },
  "ironchest:recipes/ironchest/upgrades/gold_to_diamond_chest_upgrade": {
    "criteria": {
      "has_glass": "2021-12-04 22:30:19 +0300"
    },
    "done": true
  },
  "cfm:recipes/cfm/andesite_chair": {
    "criteria": {
      "has_planks": "2021-12-05 00:38:37 +0300"
    },
    "done": true
  },
  "ironchest:recipes/ironchest/chests/diamond_crystal_chest": {
    "criteria": {
      "has_glass": "2021-12-04 22:30:19 +0300"
    },
    "done": true
  },
  "create:recipes/create.base/crafting/kinetics/whisk": {
    "criteria": {
      "has_item": "2021-12-05 23:48:12 +0300"
    },
    "done": true
  },
  "minecraft:recipes/decorations/white_banner": {
    "criteria": {
      "has_white_wool": "2021-12-06 00:53:47 +0300"
    },
    "done": true
  },
  "minecraft:recipes/building_blocks/light_blue_concrete_powder": {
    "criteria": {
      "has_gravel": "2021-12-03 21:26:35 +0300"
    },
    "done": true
  },
  "create:recipes/create.base/crafting/kinetics/purple_seat": {
    "criteria": {
      "has_wool": "2021-12-06 00:53:47 +0300"
    },
    "done": true
  },
  "ironchest:recipes/ironchest/upgrades/copper_to_iron_chest_upgrade": {
    "criteria": {
      "has_item": "2021-12-04 22:30:19 +0300"
    },
    "done": true
  },
  "rankine:recipes/misc/stibnite": {
    "criteria": {
      "has_stibnite": "2021-12-06 01:06:45 +0300"
    },
    "done": true
  },
  "cfm:recipes/cfm/gray_cooler": {
    "criteria": {
      "has_chest": "2021-12-06 01:00:17 +0300"
    },
    "done": true
  },
  "cfm:recipes/cfm/stripped_birch_table": {
    "criteria": {
      "has_planks": "2021-12-03 21:21:12 +0300"
    },
    "done": true
  },
  "cfm:recipes/cfm/cyan_cooler": {
    "criteria": {
      "has_chest": "2021-12-06 01:00:17 +0300"
    },
    "done": true
  },
  "minecraft:recipes/misc/leather_horse_armor": {
    "criteria": {
      "has_leather": "2021-12-03 22:28:44 +0300"
    },
    "done": true
  },
  "minecraft:recipes/building_blocks/glass": {
    "criteria": {
      "has_sand": "2021-12-04 22:27:01 +0300"
    },
    "done": true
  },
  "charcoal_pit:charcoal_pit/log_pile": {
    "criteria": {
      "item1": "2021-12-03 21:28:57 +0300"
    },
    "done": true
  },
  "cfm:recipes/cfm/yellow_grill": {
    "criteria": {
      "has_iron": "2021-12-03 22:28:44 +0300"
    },
    "done": true
  },
  "minecraft:recipes/combat/iron_helmet": {
    "criteria": {
      "has_iron_ingot": "2021-12-03 22:28:45 +0300"
    },
    "done": true
  },
  "ironchest:recipes/ironchest/upgrades/silver_to_gold_chest_upgrade": {
    "criteria": {
      "has_item": "2021-12-04 22:30:19 +0300"
    },
    "done": true
  },
  "create:its_alive": {
    "criteria": {
      "0": "2021-12-07 01:53:57 +0300"
    },
    "done": true
  },
  "minecraft:recipes/combat/bow": {
    "criteria": {
      "has_recipe": "2021-12-03 20:42:23 +0300"
    },
    "done": true
  },
  "minecraft:recipes/redstone/oak_fence_gate": {
    "criteria": {
      "has_recipe": "2021-12-03 22:09:32 +0300"
    },
    "done": true
  },
  "rankine:recipes/tools/flint_axe": {
    "criteria": {
      "has_flint": "2021-12-03 20:46:14 +0300"
    },
    "done": true
  },
  "cfm:recipes/cfm/white_sofa": {
    "criteria": {
      "has_wool": "2021-12-06 00:53:47 +0300"
    },
    "done": true
  },
  "minecraft:recipes/building_blocks/purple_concrete_powder": {
    "criteria": {
      "has_gravel": "2021-12-03 21:26:35 +0300"
    },
    "done": true
  },
  "immersiveengineering:recipes/immersiveengineering/crafting/hammer": {
    "criteria": {
      "has_iron_ingot": "2021-12-03 22:28:44 +0300"
    },
    "done": true
  },
  "cfm:recipes/cfm/dark_oak_mail_box": {
    "criteria": {
      "has_chest": "2021-12-06 01:00:17 +0300"
    },
    "done": true
  },
  "minecraft:story/mine_stone": {
    "criteria": {
      "get_stone": "2021-12-03 22:04:52 +0300"
    },
    "done": true
  },
  "minecraft:recipes/decorations/furnace": {
    "criteria": {
      "has_recipe": "2021-12-03 22:04:52 +0300"
    },
    "done": true
  },
  "minecraft:recipes/transportation/minecart": {
    "criteria": {
      "has_iron_ingot": "2021-12-03 22:28:44 +0300"
    },
    "done": true
  },
  "create:recipes/create.base/crafting/kinetics/encased_fan": {
    "criteria": {
      "has_item": "2021-12-05 23:48:12 +0300"
    },
    "done": true
  },
  "minecraft:recipes/misc/charcoal": {
    "criteria": {
      "has_log": "2021-12-03 21:20:45 +0300"
    },
    "done": true
  },
  "minecraft:recipes/building_blocks/andesite_stairs": {
    "criteria": {
      "has_andesite": "2021-12-05 00:38:37 +0300"
    },
    "done": true
  },
  "immersiveengineering:recipes/immersiveengineering/crafting/coke_from_slab": {
    "criteria": {
      "has_coke": "2021-12-07 01:32:37 +0300"
    },
    "done": true
  },
  "minecraft:recipes/building_blocks/orange_wool": {
    "criteria": {
      "has_white_wool": "2021-12-06 00:53:47 +0300"
    },
    "done": true
  },
  "minecraft:recipes/tools/iron_hoe": {
    "criteria": {
      "has_iron_ingot": "2021-12-03 22:28:44 +0300"
    },
    "done": true
  },
  "create:recipes/create.base/crafting/kinetics/mechanical_pump": {
    "criteria": {
      "has_item": "2021-12-04 22:19:42 +0300"
    },
    "done": true
  },
  "minecraft:husbandry/root": {
    "criteria": {
      "consumed_item": "2021-12-03 20:42:30 +0300"
    },
    "done": true
  },
  "minecraft:recipes/building_blocks/stone_brick_slab": {
    "criteria": {
      "has_recipe": "2021-12-05 00:36:11 +0300"
    },
    "done": true
  },
  "minecraft:recipes/building_blocks/green_concrete_powder": {
    "criteria": {
      "has_gravel": "2021-12-03 21:26:35 +0300"
    },
    "done": true
  },
  "minecraft:recipes/building_blocks/polished_andesite_from_andesite_stonecutting": {
    "criteria": {
      "has_andesite": "2021-12-05 00:38:37 +0300"
    },
    "done": true
  },
  "minecraft:recipes/tools/iron_shovel": {
    "criteria": {
      "has_iron_ingot": "2021-12-03 22:28:44 +0300"
    },
    "done": true
  },
  "cfm:recipes/cfm/gray_sofa": {
    "criteria": {
      "has_wool": "2021-12-06 00:53:47 +0300"
    },
    "done": true
  },
  "minecraft:recipes/building_blocks/orange_stained_glass": {
    "criteria": {
      "has_glass": "2021-12-04 22:30:19 +0300"
    },
    "done": true
  },
  "immersiveengineering:recipes/immersiveengineering/crafting/connector_hv": {
    "criteria": {
      "has_aluminum_ingot": "2021-12-03 22:28:44 +0300"
    },
    "done": true
  },
  "immersiveengineering:recipes/immersiveengineering/crafting/component_iron": {
    "criteria": {
      "has_iron_ingot": "2021-12-03 22:28:44 +0300"
    },
    "done": true
  },
  "ironagefurniture:recipes/chairs/chair_wood_ironage_bench_padded_blue_single_oak": {
    "criteria": {
      "has_rock": "2021-12-03 22:09:32 +0300"
    },
    "done": true
  },
  "create:recipes/create.base/crafting/kinetics/brown_seat": {
    "criteria": {
      "has_wool": "2021-12-06 00:53:47 +0300"
    },
    "done": true
  },
  "cfm:recipes/cfm/black_kitchen_drawer": {
    "criteria": {
      "has_chest": "2021-12-06 01:00:17 +0300"
    },
    "done": true
  },
  "minecraft:recipes/decorations/item_frame": {
    "criteria": {
      "has_leather": "2021-12-03 22:28:44 +0300"
    },
    "done": true
  },
  "rankine:recipes/tools/flint_pickaxe": {
    "criteria": {
      "has_flint": "2021-12-03 20:46:14 +0300"
    },
    "done": true
  },
  "create:recipes/create.base/blasting/copper_ingot_from_ore": {
    "criteria": {
      "has_item": "2021-12-04 23:44:38 +0300"
    },
    "done": true
  },
  "create:recipes/create.palettes/mossy_andesite_from_andesite_stonecutting": {
    "criteria": {
      "has_andesite": "2021-12-05 00:38:37 +0300"
    },
    "done": true
  },
  "minecraft:recipes/food/baked_potato_from_smoking": {
    "criteria": {
      "has_potato": "2021-12-05 00:46:21 +0300"
    },
    "done": true
  },
  "rankine:recipes/tools/iron_spear": {
    "criteria": {
      "has_iron": "2021-12-03 22:28:44 +0300"
    },
    "done": true
  },
  "cfm:recipes/cfm/oak_upgraded_gate": {
    "criteria": {
      "has_log": "2021-12-03 21:20:45 +0300"
    },
    "done": true
  },
  "immersiveengineering:recipes/immersiveengineering/crafting/crate": {
    "criteria": {
      "has_treated_planks": "2021-12-05 00:35:39 +0300"
    },
    "done": true
  },
  "cfm:recipes/cfm/crimson_mail_box": {
    "criteria": {
      "has_chest": "2021-12-06 01:00:17 +0300"
    },
    "done": true
  },
  "cfm:recipes/cfm/jungle_mail_box": {
    "criteria": {
      "has_chest": "2021-12-06 01:00:17 +0300"
    },
    "done": true
  },
  "rankine:recipes/misc/cobblestone_from_feldspar": {
    "criteria": {
      "has_stone": "2021-12-03 21:11:09 +0300"
    },
    "done": true
  },
  "minecraft:recipes/food/baked_potato": {
    "criteria": {
      "has_potato": "2021-12-05 00:46:21 +0300"
    },
    "done": true
  },
  "cfm:recipes/cfm/stripped_birch_desk": {
    "criteria": {
      "has_planks": "2021-12-03 21:21:12 +0300"
    },
    "done": true
  },
  "immersiveengineering:recipes/immersiveengineering/crafting/sheetmetal_colored_yellow": {
    "criteria": {
      "has_sheetmetal": "2021-12-05 23:48:26 +0300"
    },
    "done": true
  },
  "minecraft:recipes/decorations/white_carpet": {
    "criteria": {
      "has_white_wool": "2021-12-06 00:53:47 +0300"
    },
    "done": true
  },
  "rankine:challenges/alloy_collector": {
    "criteria": {
      "rankine:bronze_alloy": "2021-12-04 22:21:38 +0300"
    },
    "done": false
  },
  "cfm:recipes/cfm/white_grill": {
    "criteria": {
      "has_iron": "2021-12-03 22:28:44 +0300"
    },
    "done": true
  },
  "minecraft:recipes/decorations/glass_pane": {
    "criteria": {
      "has_glass": "2021-12-04 22:30:19 +0300"
    },
    "done": true
  },
  "create:root": {
    "criteria": {
      "0": "2021-12-03 20:39:20 +0300"
    },
    "done": true
  },
  "rankine:story/rankine": {
    "criteria": {
      "get_flint": "2021-12-03 20:46:14 +0300"
    },
    "done": true
  },
  "minecraft:recipes/misc/gold_ingot_from_nuggets": {
    "criteria": {
      "has_gold_nugget": "2021-12-05 00:35:39 +0300"
    },
    "done": true
  },
  "minecraft:recipes/building_blocks/magenta_stained_glass": {
    "criteria": {
      "has_glass": "2021-12-04 22:30:19 +0300"
    },
    "done": true
  },
  "cfm:recipes/cfm/warped_kitchen_drawer": {
    "criteria": {
      "has_chest": "2021-12-06 01:00:17 +0300"
    },
    "done": true
  },
  "minecraft:recipes/decorations/snow": {
    "criteria": {
      "has_snowball": "2021-12-03 20:42:40 +0300"
    },
    "done": true
  },
  "minecraft:recipes/transportation/oak_boat": {
    "criteria": {
      "has_recipe": "2021-12-03 22:09:32 +0300"
    },
    "done": true
  },
  "comforts:hammock_gray": {
    "criteria": {
      "has_gray_wool": "2021-12-06 00:53:47 +0300"
    },
    "done": true
  },
  "cfm:recipes/cfm/stripped_warped_kitchen_drawer": {
    "criteria": {
      "has_chest": "2021-12-06 01:00:17 +0300"
    },
    "done": true
  },
  "minecraft:recipes/building_blocks/cyan_concrete_powder": {
    "criteria": {
      "has_gravel": "2021-12-03 21:26:35 +0300"
    },
    "done": true
  },
  "immersiveengineering:recipes/immersiveengineering/crafting/sheetmetal_colored_gray": {
    "criteria": {
      "has_sheetmetal": "2021-12-05 23:48:26 +0300"
    },
    "done": true
  },
  "minecraft:recipes/building_blocks/stone_brick_stairs": {
    "criteria": {
      "has_stone_bricks": "2021-12-05 00:36:11 +0300"
    },
    "done": true
  },
  "cfm:recipes/cfm/oak_park_bench": {
    "criteria": {
      "has_log": "2021-12-03 21:20:45 +0300"
    },
    "done": true
  },
  "cfm:recipes/cfm/stripped_oak_kitchen_sink_light": {
    "criteria": {
      "has_bottom": "2021-12-04 20:38:49 +0300"
    },
    "done": true
  },
  "create:recipes/create.base/crafting/kinetics/propeller": {
    "criteria": {
      "has_item": "2021-12-05 23:48:12 +0300"
    },
    "done": true
  },
  "cfm:recipes/cfm/lime_cooler": {
    "criteria": {
      "has_chest": "2021-12-06 01:00:17 +0300"
    },
    "done": true
  },
  "minecraft:recipes/building_blocks/lime_wool": {
    "criteria": {
      "has_white_wool": "2021-12-06 00:53:47 +0300"
    },
    "done": true
  },
  "immersiveengineering:recipes/immersiveengineering/crafting/sheetmetal_colored_purple": {
    "criteria": {
      "has_sheetmetal": "2021-12-05 23:48:26 +0300"
    },
    "done": true
  },
  "cfm:recipes/cfm/acacia_mail_box": {
    "criteria": {
      "has_chest": "2021-12-06 01:00:17 +0300"
    },
    "done": true
  },
  "immersiveengineering:recipes/immersiveengineering/crafting/radiator": {
    "criteria": {
      "has_copper_ingot": "2021-12-04 22:19:42 +0300"
    },
    "done": true
  },
  "cfm:recipes/cfm/warped_mail_box": {
    "criteria": {
      "has_chest": "2021-12-06 01:00:17 +0300"
    },
    "done": true
  },
  "cfm:recipes/cfm/stripped_birch_cabinet": {
    "criteria": {
      "has_log": "2021-12-03 21:21:12 +0300"
    },
    "done": true
  },
  "immersiveengineering:recipes/immersiveengineering/crafting/sawdust": {
    "criteria": {
      "has_sawdust": "2021-12-05 01:22:58 +0300"
    },
    "done": true
  },
  "minecraft:recipes/misc/paper": {
    "criteria": {
      "has_reeds": "2021-12-05 02:27:03 +0300"
    },
    "done": true
  },
  "cfm:recipes/cfm/stripped_crimson_mail_box": {
    "criteria": {
      "has_chest": "2021-12-06 01:00:17 +0300"
    },
    "done": true
  },
  "minecraft:recipes/building_blocks/stone_bricks_from_stone_stonecutting": {
    "criteria": {
      "has_stone": "2021-12-03 22:01:35 +0300"
    },
    "done": true
  },
  "cfm:recipes/cfm/andesite_desk_cabinet": {
    "criteria": {
      "has_planks": "2021-12-05 00:38:37 +0300"
    },
    "done": true
  },
  "minecraft:recipes/decorations/loom": {
    "criteria": {
      "has_string": "2021-12-05 00:46:21 +0300"
    },
    "done": true
  },
  "cfm:recipes/cfm/stripped_birch_desk_cabinet": {
    "criteria": {
      "has_planks": "2021-12-03 21:21:12 +0300"
    },
    "done": true
  },
  "ironagefurniture:recipes/chairs/chair_wood_ironage_shield_oak": {
    "criteria": {
      "has_rock": "2021-12-03 22:09:32 +0300"
    },
    "done": true
  },
  "minecraft:recipes/building_blocks/green_wool": {
    "criteria": {
      "has_white_wool": "2021-12-06 00:53:47 +0300"
    },
    "done": true
  },
  "immersiveengineering:recipes/immersiveengineering/crafting/wooden_barrel": {
    "criteria": {
      "has_treated_planks": "2021-12-05 00:35:39 +0300"
    },
    "done": true
  },
  "rankine:recipes/tools/flint_knife": {
    "criteria": {
      "has_flint": "2021-12-03 20:46:14 +0300"
    },
    "done": true
  },
  "rankine:recipes/tools/iron_hammer": {
    "criteria": {
      "has_iron": "2021-12-03 22:28:44 +0300"
    },
    "done": true
  },
  "ironagefurniture:recipes/chairs/chair_wood_ironage_bench_padded_pink_single_oak": {
    "criteria": {
      "has_rock": "2021-12-03 22:09:32 +0300"
    },
    "done": true
  },
  "minecraft:recipes/decorations/stone_brick_wall_from_stone_bricks_stonecutting": {
    "criteria": {
      "has_stone_bricks": "2021-12-05 00:36:11 +0300"
    },
    "done": true
  },
  "cfm:recipes/cfm/light_gray_grill": {
    "criteria": {
      "has_iron": "2021-12-03 22:28:44 +0300"
    },
    "done": true
  },
  "minecraft:recipes/building_blocks/brown_wool": {
    "criteria": {
      "has_white_wool": "2021-12-06 00:53:47 +0300"
    },
    "done": true
  },
  "minecraft:recipes/building_blocks/bricks": {
    "criteria": {
      "has_brick": "2021-12-05 01:11:57 +0300"
    },
    "done": true
  },
  "immersiveengineering:recipes/immersiveengineering/crafting/sheetmetal_colored_black": {
    "criteria": {
      "has_sheetmetal": "2021-12-05 23:48:26 +0300"
    },
    "done": true
  },
  "create:recipes/create.base/crafting/kinetics/light_blue_seat": {
    "criteria": {
      "has_wool": "2021-12-06 00:53:47 +0300"
    },
    "done": true
  },
  "minecraft:recipes/building_blocks/chiseled_stone_bricks_from_stone_bricks_stonecutting": {
    "criteria": {
      "has_stone_bricks": "2021-12-05 00:36:11 +0300"
    },
    "done": true
  },
  "ironagefurniture:recipes/chairs/chair_wood_ironage_bench_padded_gray_single_oak": {
    "criteria": {
      "has_rock": "2021-12-03 22:09:32 +0300"
    },
    "done": true
  },
  "immersiveengineering:recipes/immersiveengineering/crafting/treated_scaffold": {
    "criteria": {
      "has_treated_planks": "2021-12-05 00:35:39 +0300"
    },
    "done": true
  },
  "cfm:recipes/cfm/stripped_birch_kitchen_drawer": {
    "criteria": {
      "has_log": "2021-12-03 21:21:12 +0300"
    },
    "done": true
  },
  "minecraft:recipes/decorations/painting": {
    "criteria": {
      "has_wool": "2021-12-06 00:53:47 +0300"
    },
    "done": true
  },
  "minecraft:recipes/building_blocks/white_stained_glass": {
    "criteria": {
      "has_glass": "2021-12-04 22:30:19 +0300"
    },
    "done": true
  },
  "cfm:recipes/cfm/stripped_jungle_mail_box": {
    "criteria": {
      "has_chest": "2021-12-06 01:00:17 +0300"
    },
    "done": true
  },
  "immersiveengineering:recipes/immersiveengineering/crafting/coke_to_coal_coke": {
    "criteria": {
      "has_coke": "2021-12-07 01:01:49 +0300"
    },
    "done": true
  },
  "ironagefurniture:recipes/chairs/chair_wood_ironage_bench_padded_yellow_single_oak": {
    "criteria": {
      "has_rock": "2021-12-03 22:09:32 +0300"
    },
    "done": true
  },
  "cfm:recipes/cfm/andesite_desk": {
    "criteria": {
      "has_planks": "2021-12-05 00:38:37 +0300"
    },
    "done": true
  },
  "cfm:recipes/cfm/andesite_coffee_table": {
    "criteria": {
      "has_planks": "2021-12-05 00:38:37 +0300"
    },
    "done": true
  },
  "create:recipes/create.base/crafting/kinetics/orange_seat": {
    "criteria": {
      "has_wool": "2021-12-06 00:53:47 +0300"
    },
    "done": true
  },
  "minecraft:recipes/combat/arrow": {
    "criteria": {
      "has_recipe": "2021-12-03 20:42:23 +0300"
    },
    "done": true
  },
  "minecraft:recipes/building_blocks/stone_slab": {
    "criteria": {
      "has_recipe": "2021-12-03 22:01:35 +0300"
    },
    "done": true
  },
  "minecraft:recipes/building_blocks/andesite_slab_from_andesite_stonecutting": {
    "criteria": {
      "has_andesite": "2021-12-05 00:38:37 +0300"
    },
    "done": true
  },
  "minecraft:recipes/decorations/black_carpet": {
    "criteria": {
      "has_black_wool": "2021-12-06 00:53:47 +0300"
    },
    "done": true
  },
  "minecraft:recipes/building_blocks/coal_block": {
    "criteria": {
      "has_coal": "2021-12-04 22:42:40 +0300"
    },
    "done": true
  },
  "ironagefurniture:recipes/chairs/chair_wood_ironage_bench_back_padded_light_blue_single_oak": {
    "criteria": {
      "has_rock": "2021-12-03 22:09:32 +0300"
    },
    "done": true
  },
  "cfm:recipes/cfm/stripped_oak_bedside_cabinet": {
    "criteria": {
      "has_planks": "2021-12-03 21:20:45 +0300"
    },
    "done": true
  },
  "cfm:recipes/cfm/birch_kitchen_counter": {
    "criteria": {
      "has_log": "2021-12-03 21:21:12 +0300"
    },
    "done": true
  },
  "create:recipes/create.base/crafting/kinetics/gray_seat": {
    "criteria": {
      "has_wool": "2021-12-06 00:53:47 +0300"
    },
    "done": true
  },
  "create:recipes/create.base/crafting/kinetics/magenta_seat": {
    "criteria": {
      "has_wool": "2021-12-06 00:53:47 +0300"
    },
    "done": true
  },
  "cfm:recipes/cfm/spatula": {
    "criteria": {
      "has_iron": "2021-12-03 22:28:44 +0300"
    },
    "done": true
  },
  "create:recipes/create.base/crafting/kinetics/super_glue": {
    "criteria": {
      "has_item": "2021-12-05 23:48:12 +0300"
    },
    "done": true
  },
  "immersiveengineering:recipes/immersiveengineering/crafting/alloybrick_from_slab": {
    "criteria": {
      "has_alloybrick": "2021-12-04 21:28:40 +0300"
    },
    "done": true
  },
  "minecraft:recipes/building_blocks/blue_concrete_powder": {
    "criteria": {
      "has_gravel": "2021-12-03 21:26:35 +0300"
    },
    "done": true
  },
  "immersiveengineering:recipes/immersiveengineering/crafting/cokebrick_from_slab": {
    "criteria": {
      "has_cokebrick": "2021-12-05 02:17:35 +0300"
    },
    "done": true
  },
  "minecraft:recipes/building_blocks/cyan_stained_glass": {
    "criteria": {
      "has_glass": "2021-12-04 22:30:19 +0300"
    },
    "done": true
  },
  "cfm:recipes/cfm/oak_mail_box": {
    "criteria": {
      "has_chest": "2021-12-06 01:00:17 +0300"
    },
    "done": true
  },
  "rankine:story/get_bronze_tools": {
    "criteria": {
      "bronze_hammer": "2021-12-04 22:24:13 +0300"
    },
    "done": true
  },
  "ironchest:recipes/ironchest/upgrades/diamond_to_obsidian_chest_upgrade": {
    "criteria": {
      "has_glass": "2021-12-04 22:30:19 +0300"
    },
    "done": true
  },
  "cfm:recipes/cfm/birch_coffee_table": {
    "criteria": {
      "has_log": "2021-12-03 21:21:13 +0300"
    },
    "done": true
  },
  "cfm:recipes/cfm/white_kitchen_drawer": {
    "criteria": {
      "has_chest": "2021-12-06 01:00:17 +0300"
    },
    "done": true
  },
  "immersiveengineering:recipes/immersiveengineering/crafting/alloybrick_to_slab": {
    "criteria": {
      "has_alloybrick": "2021-12-04 21:28:40 +0300"
    },
    "done": true
  },
  "cfm:recipes/cfm/oak_table": {
    "criteria": {
      "has_log": "2021-12-03 21:20:45 +0300"
    },
    "done": true
  },
  "rankine:recipes/misc/plant_fiber": {
    "criteria": {
      "knife_used": "2021-12-03 22:07:16 +0300"
    },
    "done": true
  },
  "minecraft:recipes/tools/lead": {
    "criteria": {
      "has_recipe": "2021-12-04 20:38:30 +0300"
    },
    "done": true
  },
  "minecraft:recipes/redstone/oak_pressure_plate": {
    "criteria": {
      "has_planks": "2021-12-03 22:09:32 +0300"
    },
    "done": true
  },
  "cfm:recipes/cfm/birch_chair": {
    "criteria": {
      "has_log": "2021-12-03 21:21:12 +0300"
    },
    "done": true
  },
  "rankine:story/make_quicklime": {
    "criteria": {
      "make_quicklime": "2021-12-05 01:29:53 +0300"
    },
    "done": true
  },
  "immersiveengineering:recipes/immersiveengineering/crafting/sheetmetal_colored_orange": {
    "criteria": {
      "has_sheetmetal": "2021-12-05 23:48:26 +0300"
    },
    "done": true
  },
  "cfm:recipes/cfm/oak_desk": {
    "criteria": {
      "has_log": "2021-12-03 21:20:45 +0300"
    },
    "done": true
  },
  "ironagefurniture:recipes/chairs/chair_wood_ironage_bench_padded_cyan_single_oak": {
    "criteria": {
      "has_rock": "2021-12-03 22:09:32 +0300"
    },
    "done": true
  },
  "cfm:recipes/cfm/stripped_birch_crate": {
    "criteria": {
      "has_planks": "2021-12-03 21:21:12 +0300"
    },
    "done": true
  },
  "charcoal_pit:charcoal_pit/brick": {
    "criteria": {
      "item2": "2021-12-05 01:09:04 +0300"
    },
    "done": true
  },
  "minecraft:recipes/building_blocks/oak_wood": {
    "criteria": {
      "has_log": "2021-12-03 21:20:45 +0300"
    },
    "done": true
  },
  "immersiveengineering:recipes/immersiveengineering/crafting/wirecoil_copper": {
    "criteria": {
      "has_copper_ingot": "2021-12-04 22:19:42 +0300"
    },
    "done": true
  },
  "minecraft:story/root": {
    "criteria": {
      "crafting_table": "2021-12-04 23:44:11 +0300"
    },
    "done": true
  },
  "create:recipes/create.base/crafting/kinetics/copper_valve_handle": {
    "criteria": {
      "has_item": "2021-12-04 22:19:42 +0300"
    },
    "done": true
  },
  "cfm:recipes/cfm/magenta_cooler": {
    "criteria": {
      "has_chest": "2021-12-06 01:00:17 +0300"
    },
    "done": true
  },
  "rankine:recipes/tools/flint_shovel": {
    "criteria": {
      "has_flint": "2021-12-03 20:46:14 +0300"
    },
    "done": true
  },
  "cfm:recipes/cfm/orange_cooler": {
    "criteria": {
      "has_chest": "2021-12-06 01:00:17 +0300"
    },
    "done": true
  },
  "cfm:recipes/cfm/stripped_birch_park_bench": {
    "criteria": {
      "has_log": "2021-12-03 21:21:12 +0300"
    },
    "done": true
  },
  "ironchest:recipes/ironchest/upgrades/iron_to_gold_chest_upgrade": {
    "criteria": {
      "has_iron_ingot": "2021-12-03 22:28:44 +0300"
    },
    "done": true
  },
  "minecraft:recipes/combat/leather_chestplate": {
    "criteria": {
      "has_recipe": "2021-12-04 20:38:30 +0300"
    },
    "done": true
  },
  "ironagefurniture:recipes/chairs/chair_wood_ironage_bench_padded_orange_single_oak": {
    "criteria": {
      "has_rock": "2021-12-03 22:09:32 +0300"
    },
    "done": true
  },
  "ironchest:recipes/ironchest/upgrades/diamond_to_crystal_chest_upgrade": {
    "criteria": {
      "has_glass": "2021-12-04 22:30:19 +0300"
    },
    "done": true
  },
  "create:recipes/create.base/crafting/appliances/crafting_blueprint": {
    "criteria": {
      "has_item": "2021-12-04 23:44:11 +0300"
    },
    "done": true
  },
  "immersivepetroleum:recipes/immersivepetroleum/gas_generator": {
    "criteria": {
      "has_iron_plate": "2021-12-05 23:48:12 +0300"
    },
    "done": true
  },
  "minecraft:recipes/redstone/oak_button": {
    "criteria": {
      "has_planks": "2021-12-03 22:09:32 +0300"
    },
    "done": true
  },
  "create:recipes/create.palettes/tiled_glass_from_glass_colorless_stonecutting": {
    "criteria": {
      "has_glass_colorless": "2021-12-04 22:30:19 +0300"
    },
    "done": true
  },
  "cfm:recipes/cfm/acacia_kitchen_drawer": {
    "criteria": {
      "has_chest": "2021-12-06 01:00:17 +0300"
    },
    "done": true
  },
  "cfm:recipes/cfm/oak_cabinet": {
    "criteria": {
      "has_log": "2021-12-03 21:20:45 +0300"
    },
    "done": true
  },
  "immersiveengineering:recipes/immersiveengineering/crafting/sheetmetal_colored_magenta": {
    "criteria": {
      "has_sheetmetal": "2021-12-05 23:48:26 +0300"
    },
    "done": true
  },
  "minecraft:recipes/building_blocks/polished_andesite": {
    "criteria": {
      "has_stone": "2021-12-05 00:38:37 +0300"
    },
    "done": true
  },
  "immersiveengineering:recipes/immersiveengineering/crafting/sheetmetal_iron_from_slab": {
    "criteria": {
      "has_sheetmetal_iron": "2021-12-05 23:48:26 +0300"
    },
    "done": true
  },
  "immersiveengineering:main/root": {
    "criteria": {
      "manual": "2021-12-04 20:38:30 +0300"
    },
    "done": true
  },
  "cfm:recipes/cfm/jungle_kitchen_drawer": {
    "criteria": {
      "has_chest": "2021-12-06 01:00:17 +0300"
    },
    "done": true
  },
  "minecraft:recipes/food/cooked_beef": {
    "criteria": {
      "has_beef": "2021-12-03 21:01:36 +0300"
    },
    "done": true
  },
  "create:recipes/create.base/crafting/materials/copper_casing": {
    "criteria": {
      "has_item": "2021-12-04 22:19:42 +0300"
    },
    "done": true
  },
  "minecraft:recipes/redstone/iron_door": {
    "criteria": {
      "has_iron_ingot": "2021-12-03 22:28:44 +0300"
    },
    "done": true
  },
  "rankine:story/gather_rope": {
    "criteria": {
      "get_rope": "2021-12-03 22:20:39 +0300"
    },
    "done": true
  },
  "immersiveengineering:recipes/immersiveengineering/crafting/waterwheel_segment": {
    "criteria": {
      "has_treated_planks": "2021-12-05 00:35:39 +0300"
    },
    "done": true
  },
  "rankine:story/support": {
    "criteria": {
      "get_flint": "2021-12-03 20:46:14 +0300"
    },
    "done": true
  },
  "immersiveengineering:main/craft_hammer": {
    "criteria": {
      "hammer": "2021-12-04 21:28:51 +0300"
    },
    "done": true
  },
  "rankine:recipes/tools/stone_hammer": {
    "criteria": {
      "has_stone": "2021-12-03 21:11:09 +0300"
    },
    "done": true
  },
  "cfm:recipes/cfm/birch_mail_box": {
    "criteria": {
      "has_chest": "2021-12-06 01:00:17 +0300"
    },
    "done": true
  },
  "minecraft:recipes/building_blocks/snow_block": {
    "criteria": {
      "has_snowball": "2021-12-03 20:42:40 +0300"
    },
    "done": true
  },
  "cfm:recipes/cfm/stripped_crimson_kitchen_drawer": {
    "criteria": {
      "has_chest": "2021-12-06 01:00:17 +0300"
    },
    "done": true
  },
  "cfm:recipes/cfm/gray_grill": {
    "criteria": {
      "has_iron": "2021-12-03 22:28:44 +0300"
    },
    "done": true
  },
  "minecraft:recipes/redstone/oak_door": {
    "criteria": {
      "has_planks": "2021-12-03 22:09:32 +0300"
    },
    "done": true
  },
  "cfm:recipes/cfm/lime_grill": {
    "criteria": {
      "has_iron": "2021-12-03 22:28:44 +0300"
    },
    "done": true
  },
  "charcoal_pit:charcoal_pit/clay_pot": {
    "criteria": {
      "item1": "2021-12-04 22:17:14 +0300"
    },
    "done": true
  },
  "cfm:recipes/cfm/black_sofa": {
    "criteria": {
      "has_wool": "2021-12-06 00:53:47 +0300"
    },
    "done": true
  },
  "cfm:recipes/cfm/andesite_bedside_cabinet": {
    "criteria": {
      "has_planks": "2021-12-05 00:38:37 +0300"
    },
    "done": true
  },
  "immersiveengineering:recipes/immersiveengineering/crafting/light_engineering": {
    "criteria": {
      "has_copper_ingot": "2021-12-04 22:19:42 +0300"
    },
    "done": true
  },
  "minecraft:recipes/decorations/stone_brick_walls_from_stone_stonecutting": {
    "criteria": {
      "has_stone": "2021-12-03 22:01:35 +0300"
    },
    "done": true
  },
  "ironagefurniture:recipes/chairs/chair_wood_ironage_bench_padded_magenta_single_oak": {
    "criteria": {
      "has_rock": "2021-12-03 22:09:32 +0300"
    },
    "done": true
  },
  "immersiveengineering:recipes/immersiveengineering/crafting/powerpack": {
    "criteria": {
      "has_leather": "2021-12-03 22:28:44 +0300"
    },
    "done": true
  },
  "ironchest:recipes/ironchest/upgrades/wood_to_iron_chest_upgrade": {
    "criteria": {
      "has_iron_ingot": "2021-12-03 22:28:44 +0300"
    },
    "done": true
  },
  "create:recipes/create.base/crafting/kinetics/green_seat": {
    "criteria": {
      "has_wool": "2021-12-06 00:53:47 +0300"
    },
    "done": true
  },
  "ironagefurniture:recipes/chairs/chair_wood_ironage_bench_padded_light_gray_single_oak": {
    "criteria": {
      "has_rock": "2021-12-03 22:09:32 +0300"
    },
    "done": true
  },
  "minecraft:recipes/redstone/heavy_weighted_pressure_plate": {
    "criteria": {
      "has_iron_ingot": "2021-12-03 22:28:44 +0300"
    },
    "done": true
  },
  "minecraft:recipes/transportation/carrot_on_a_stick": {
    "criteria": {
      "has_carrot": "2021-12-04 21:21:17 +0300"
    },
    "done": true
  },
  "minecraft:recipes/decorations/andesite_wall_from_andesite_stonecutting": {
    "criteria": {
      "has_andesite": "2021-12-05 00:38:37 +0300"
    },
    "done": true
  },
  "minecraft:recipes/building_blocks/pink_wool": {
    "criteria": {
      "has_white_wool": "2021-12-06 00:53:47 +0300"
    },
    "done": true
  },
  "cfm:recipes/cfm/cyan_grill": {
    "criteria": {
      "has_iron": "2021-12-03 22:28:44 +0300"
    },
    "done": true
  },
  "create:recipes/create.palettes/layered_andesite_from_andesite_stonecutting": {
    "criteria": {
      "has_andesite": "2021-12-05 00:38:37 +0300"
    },
    "done": true
  },
  "create:recipes/create.base/crafting/kinetics/pink_seat": {
    "criteria": {
      "has_wool": "2021-12-06 00:53:47 +0300"
    },
    "done": true
  },
  "cfm:recipes/cfm/yellow_kitchen_drawer": {
    "criteria": {
      "has_chest": "2021-12-06 01:00:17 +0300"
    },
    "done": true
  },
  "cfm:recipes/cfm/stone_chair": {
    "criteria": {
      "has_log": "2021-12-03 22:01:35 +0300"
    },
    "done": true
  },
  "immersivepetroleum:recipes/immersivepetroleum/oil_can": {
    "criteria": {
      "has_iron_plate": "2021-12-05 23:48:12 +0300"
    },
    "done": true
  },
  "cfm:recipes/cfm/stone_bedside_cabinet": {
    "criteria": {
      "has_log": "2021-12-03 22:01:35 +0300"
    },
    "done": true
  },
  "immersiveengineering:recipes/immersiveengineering/crafting/sheetmetal_colored_pink": {
    "criteria": {
      "has_sheetmetal": "2021-12-05 23:48:26 +0300"
    },
    "done": true
  },
  "minecraft:recipes/building_blocks/stone_stairs": {
    "criteria": {
      "has_stone": "2021-12-03 22:01:35 +0300"
    },
    "done": true
  },
  "immersiveengineering:recipes/immersiveengineering/crafting/workbench": {
    "criteria": {
      "has_treated_planks": "2021-12-05 00:35:39 +0300"
    },
    "done": true
  },
  "cfm:recipes/cfm/oak_upgraded_fence": {
    "criteria": {
      "has_log": "2021-12-03 21:20:45 +0300"
    },
    "done": true
  },
  "create:recipes/create.base/smelting/copper_ingot_from_ore": {
    "criteria": {
      "has_item": "2021-12-04 23:44:38 +0300"
    },
    "done": true
  },
  "rankine:story/get_flint_axe": {
    "criteria": {
      "flint_axe": "2021-12-03 21:07:49 +0300"
    },
    "done": true
  },
  "immersiveengineering:recipes/immersiveengineering/crafting/connector_lv_relay": {
    "criteria": {
      "has_copper_ingot": "2021-12-04 22:19:42 +0300"
    },
    "done": true
  },
  "minecraft:recipes/food/cooked_beef_from_campfire_cooking": {
    "criteria": {
      "has_beef": "2021-12-03 21:01:36 +0300"
    },
    "done": true
  },
  "rankine:recipes/decorations/blast_furnace_rankine": {
    "criteria": {
      "has_crushed_ore": "2021-12-04 22:09:33 +0300"
    },
    "done": true
  },
  "immersiveengineering:recipes/immersiveengineering/crafting/sheetmetal_colored_green": {
    "criteria": {
      "has_sheetmetal": "2021-12-05 23:48:26 +0300"
    },
    "done": true
  },
  "minecraft:recipes/decorations/soul_campfire": {
    "criteria": {
      "has_stick": "2021-12-03 20:42:23 +0300"
    },
    "done": true
  },
  "immersiveengineering:recipes/immersiveengineering/crafting/reinforced_crate": {
    "criteria": {
      "has_treated_planks": "2021-12-05 00:35:39 +0300"
    },
    "done": true
  },
  "create:recipes/create.base/crafting/kinetics/fluid_pipe": {
    "criteria": {
      "has_item": "2021-12-04 22:19:42 +0300"
    },
    "done": true
  },
  "ironagefurniture:recipes/chairs/chair_wood_ironage_bench_back_padded_white_single_oak": {
    "criteria": {
      "has_rock": "2021-12-03 22:09:32 +0300"
    },
    "done": true
  },
  "minecraft:story/smelt_iron": {
    "criteria": {
      "iron": "2021-12-03 22:28:44 +0300"
    },
    "done": true
  },
  "create:recipes/create.base/crafting/kinetics/light_gray_seat": {
    "criteria": {
      "has_wool": "2021-12-06 00:53:47 +0300"
    },
    "done": true
  },
  "minecraft:recipes/building_blocks/pink_stained_glass": {
    "criteria": {
      "has_glass": "2021-12-04 22:30:19 +0300"
    },
    "done": true
  },
  "immersiveengineering:recipes/immersiveengineering/crafting/conveyor_basic": {
    "criteria": {
      "has_leather": "2021-12-03 22:28:44 +0300"
    },
    "done": true
  },
  "cfm:recipes/cfm/oak_kitchen_sink_light": {
    "criteria": {
      "has_bottom": "2021-12-03 22:09:32 +0300"
    },
    "done": true
  },
  "minecraft:recipes/building_blocks/bone_block": {
    "criteria": {
      "has_bonemeal": "2021-12-07 01:56:06 +0300"
    },
    "done": true
  },
  "cfm:recipes/cfm/oak_coffee_table": {
    "criteria": {
      "has_log": "2021-12-03 21:20:45 +0300"
    },
    "done": true
  },
  "cfm:recipes/cfm/fridge_light": {
    "criteria": {
      "has_iron": "2021-12-03 22:28:44 +0300"
    },
    "done": true
  },
  "DataVersion": 2586
}