{
  "minecraft:story/obtain_armor": {
    "criteria": {
      "iron_helmet": "2021-12-04 22:37:46 +0300"
    },
    "done": true
  },
  "minecraft:recipes/misc/iron_nugget_from_blasting": {
    "criteria": {
      "has_iron_helmet": "2021-12-04 22:37:46 +0300"
    },
    "done": true
  },
  "create:root": {
    "criteria": {
      "0": "2021-12-04 22:37:46 +0300"
    },
    "done": true
  },
  "minecraft:recipes/misc/iron_nugget_from_smelting": {
    "criteria": {
      "has_iron_helmet": "2021-12-04 22:37:46 +0300"
    },
    "done": true
  },
  "ironchest:recipes/ironchest/chests/vanilla_dirt_chest": {
    "criteria": {
      "has_iron_ingot": "2021-12-04 22:40:47 +0300"
    },
    "done": true
  },
  "minecraft:adventure/adventuring_time": {
    "criteria": {
      "minecraft:forest": "2021-12-04 22:37:46 +0300",
      "minecraft:river": "2021-12-04 22:41:39 +0300",
      "minecraft:wooded_hills": "2021-12-04 22:39:49 +0300"
    },
    "done": false
  },
  "DataVersion": 2586
}