{"stats":{"minecraft:dropped":{"minecraft:cooked_beef":6,"minecraft:oak_log":60,"minecraft:baked_potato":1,"minecraft:cooked_porkchop":1,"charcoal_pit:coke":7,"minecraft:lantern":1,"rankine:black_walnut_log":7,"rankine:flint_pickaxe":5,"rankine:dolostone":13,"watersource:wooden_cup":1,"minecraft:flint":152,"watersource:coconut_milk_bottle":1,"minecraft:dirt":139,"immersiveengineering:coal_coke":9,"kubejs:lignite_dust":2,"minecraft:cooked_cod":2,"rankine:flint_shovel":1,"minecraft:snowball":1046,"rankine:pegmatite":15,"minecraft:birch_log":4,"ftbquests:book":4,"rankine:rope":1,"minecraft:bone":9,"minecraft:gravel":102,"kubejs:straw_briquette":2,"weatherforecast:weather_helmet":2,"minecraft:sugar_cane":2,"minecraft:cooked_chicken":4,"rankine:copper_ingot":32,"minecraft:birch_sapling":4,"frostedheart:rye_block":26,"rankine:bituminous_coal":2,"minecraft:rotten_flesh":28,"rankine:stone_hammer":1,"minecraft:oak_planks":17,"kubejs:frozen_seeds_unknown":11,"kubejs:frozen_seeds_wheat":1,"minecraft:cooked_mutton":2,"rankine:rice_seeds":1,"rankine:invar_shovel":1,"stone_age:fat":1,"kubejs:frozen_seeds_melon":2,"minecraft:charcoal":14,"minecraft:chainmail_boots":1,"rankine:flint_axe":3,"minecraft:beef":3,"rankine:hornblende_andesite":22,"rankine:yellow_birch_log":5,"charcoal_pit:thatch":1,"minecraft:wheat_seeds":4,"minecraft:iron_helmet":2,"frostedheart:rye_bread":4,"kubejs:frozen_seeds_beetroots":3,"rankine:bronze_pickaxe":1,"minecraft:coal":10,"minecraft:stick":105,"rankine:bronze_axe":1,"charcoal_pit:straw":122,"kubejs:coal_dust":15,"minecraft:torch":14,"kubejs:flux":55,"rankine:black_birch_log":18,"kubejs:charcoal_dust":17,"watersource:wooden_cup_drink":3,"minecraft:iron_leggings":3,"minecraft:white_banner":5,"rankine:lignite":2,"minecraft:dandelion":2,"rankine:corn_seeds":1,"primalwinter:snowy_vine":164,"stone_age:flint_knife":3,"rankine:red_dacite":1,"rankine:flint_knife":1,"minecraft:clay_ball":50,"minecraft:iron_boots":2,"minecraft:stone_slab":1,"frostedheart:hide_jacket":1,"frostedheart:thermos":8,"create:copper_sheet":1,"frostedheart:white_turnip_block":2,"rankine:malachite":34,"rankine:flint_spear":2,"rankine:asparagus_seeds":1,"rankine:tufa_limestone":2,"minecraft:filled_map":1,"kubejs:frozen_seeds_blackwheat":4,"crockpot:tomato_seeds":1,"minecraft:shield":2,"minecraft:iron_chestplate":2,"frostedheart:ceramic_bucket":4,"minecraft:andesite":1,"kubejs:frozen_seeds_pumpkin":3,"rankine:black_dacite":2,"minecraft:spider_eye":1,"frostedheart:generator_ash":100,"rankine:quicklime":2,"rankine:yellow_birch_sapling":1},"minecraft:killed_by":{"minecraft:zombie_villager":1,"minecraft:creeper":2,"minecraft:pillager":2,"minecraft:zombie":1,"minecraft:player":2,"minecraft:stray":2,"minecraft:skeleton":3},"minecraft:mined":{"charcoal_pit:coal_ash":1,"charcoal_pit:wood_ash":1,"minecraft:stone_pressure_plate":1,"minecraft:oak_sapling":2,"minecraft:grass_block":4,"rankine:lignite_ore":80,"rankine:bronze_door":1,"rankine:bauxite_ore":8,"rankine:bituminous_ore":119,"minecraft:barrel":1,"minecraft:fire":41,"frostedheart:generator_brick":29,"frostedheart:generator_core_t1":3,"rankine:yellow_birch_log":14,"rankine:stibnite_ore":30,"stone_age:drying_rack":4,"minecraft:clay":79,"minecraft:torch":1,"frostedheart:generator":1,"rankine:pyrite_ore":30,"stone_age:tanning_rack":4,"minecraft:cobblestone":2,"minecraft:oak_planks":2,"minecraft:sugar_cane":1,"rankine:blueberry_bush":1,"minecraft:wall_torch":6,"rankine:rope":2,"minecraft:seagrass":1,"rankine:breccia":639,"rankine:sphalerite_ore":30,"frostedheart:generator_amplifier_r1":8,"charcoal_pit:coal_pile":1,"minecraft:oak_log":63,"primalwinter:snowy_oak_log":31,"create:hand_crank":4,"minecraft:sand":14,"minecraft:dirt":380,"frostedheart:white_turnip_block":27,"minecraft:oak_leaves":227,"primalwinter:snowy_oak_leaves":104,"rankine:yellow_birch_leaves":12,"rankine:red_dacite":10,"tetra:block_geode":1,"rankine:cassiterite_ore":6,"rankine:malachite_ore":61,"rankine:black_marble":4,"steampowered:bronze_cogwheel":4,"rankine:tufa_limestone":185,"rankine:hornblende_andesite":113,"charcoal_pit:sandy_collector":3,"rankine:kaolinite_block":1,"immersiveengineering:treated_wood_horizontal":1,"minecraft:snow":118,"rankine:native_copper_ore":33,"frostedheart:rye_block":98,"minecraft:andesite":120,"stone_age:flint_workbench":4,"rankine:mica_schist":59,"minecraft:packed_ice":1,"stone_age:stone_chest":5,"minecraft:stone":2,"immersiveengineering:craftingtable":2,"primalwinter:snowy_dirt":297,"rankine:raspberry_bush":17,"minecraft:crafting_table":2,"rankine:pegmatite":22,"minecraft:campfire":2,"charcoal_pit:bellows":3,"minecraft:stone_slab":2,"rankine:gray_granite":1,"rankine:black_walnut_log":8,"rankine:dolostone":97,"charcoal_pit:pottery_kiln":67,"minecraft:ice":59,"rankine:black_birch_leaves":3,"minecraft:white_wall_banner":6,"snowrealmagic:stairs":1,"minecraft:gravel":222,"charcoal_pit:barrel":1,"primalwinter:snowy_vine":5,"minecraft:stone_bricks":2,"rankine:black_dacite":8,"rankine:limestone_nodule":2},"minecraft:custom":{"minecraft:interact_with_crafting_table":72,"minecraft:open_barrel":824,"minecraft:leave_game":23,"minecraft:time_since_death":131338,"minecraft:damage_resisted":36,"minecraft:sprint_one_cm":699192,"minecraft:damage_blocked_by_shield":2775,"minecraft:drop":459,"minecraft:deaths":22,"minecraft:jump":8794,"minecraft:walk_on_water_one_cm":64293,"minecraft:play_one_minute":1303482,"minecraft:sleep_in_bed":9,"minecraft:damage_dealt":15664,"minecraft:crouch_one_cm":354320,"minecraft:mob_kills":104,"minecraft:interact_with_campfire":243,"minecraft:climb_one_cm":16224,"minecraft:walk_one_cm":2862995,"minecraft:sneak_time":121484,"minecraft:walk_under_water_one_cm":50260,"minecraft:time_since_rest":131364,"minecraft:damage_taken":14773,"minecraft:swim_one_cm":37673,"minecraft:fly_one_cm":593773,"minecraft:open_chest":315,"minecraft:fall_one_cm":118899},"minecraft:picked_up":{"minecraft:iron_chestplate":2,"kubejs:frozen_seeds_blackwheat":18,"minecraft:chainmail_boots":1,"crockpot:asparagus_seeds":1,"rankine:rope":3,"minecraft:lead":8,"minecraft:stone_slab":19,"immersiveengineering:craftingtable":2,"minecraft:potion":1,"rankine:bronze_door":1,"charcoal_pit:clay_pot":16,"rankine:yellow_birch_log":14,"rankine:lignite":88,"minecraft:string":9,"minecraft:cooked_salmon":2,"minecraft:iron_leggings":3,"frostedheart:thermos":21,"minecraft:pufferfish":5,"frostedheart:generator_amplifier_r1":8,"rankine:sphalerite":41,"frostedheart:copper_core_spade":1,"rankine:jute_seeds":2,"rankine:gray_granite":5,"minecraft:iron_pickaxe":1,"rankine:corn_seeds":4,"minecraft:iron_boots":2,"rankine:black_birch_log":18,"minecraft:tipped_arrow":1,"minecraft:stick":224,"create:mechanical_mixer":1,"charcoal_pit:unfired_brick":28,"minecraft:torch":32,"charcoal_pit:bellows":3,"kubejs:frozen_seeds_unknown":63,"rankine:yellow_birch_sapling":1,"minecraft:porkchop":1,"rankine:copper_ingot":16,"immersiveengineering:alloybrick":8,"kubejs:coal_dust":6,"kubejs:charcoal_dust":2,"rankine:gray_granite_stairs":1,"minecraft:rotten_flesh":53,"charcoal_pit:sandy_collector":3,"rankine:bituminous_coal":109,"stone_age:flint_workbench":3,"minecraft:iron_bars":1,"minecraft:snowball":1228,"minecraft:cobblestone":21,"immersiveengineering:slab_treated_wood_horizontal":2,"minecraft:birch_log":10,"rankine:cotton_seeds":2,"rankine:invar_shovel":1,"minecraft:cooked_beef":15,"minecraft:andesite":110,"rankine:bronze_axe":2,"minecraft:golden_leggings":1,"minecraft:potato":1,"rankine:flint_axe":6,"rankine:breccia":772,"minecraft:flint":349,"rankine:black_birch_sapling":4,"crockpot:unknown_seeds":50,"minecraft:dirt":654,"minecraft:lantern":2,"frostedheart:white_turnip_block":102,"rankine:mortar":64,"minecraft:bone":93,"minecraft:bow":3,"minecraft:wheat_seeds":13,"ftbquests:book":5,"stone_age:stone_chest":10,"rankine:cassiterite":6,"kubejs:native_copper":33,"minecraft:oak_planks":39,"rankine:raspberries":18,"rankine:hornblende_andesite":127,"crockpot:corn_seeds":1,"primalwinter:snowy_vine":554,"minecraft:cooked_porkchop":2,"rankine:stone_hammer":1,"stone_age:cooked_venison":6,"rankine:pentlandite":1,"minecraft:sand":13,"kubejs:bauxite":8,"minecraft:ink_sac":2,"minecraft:barrel":1,"stone_age:tanning_rack":4,"crockpot:tomato_seeds":5,"kubejs:frozen_beef":3,"minecraft:crossbow":1,"minecraft:bone_meal":3,"minecraft:chainmail_helmet":1,"minecraft:oak_sapling":18,"minecraft:light_gray_carpet":4,"stone_age:raw_hide":4,"stone_age:venison":6,"create:copper_sheet":12,"frostedheart:rye_block":266,"minecraft:charcoal":36,"minecraft:crafting_table":2,"charcoal_pit:coal_pile":2,"minecraft:clay_ball":403,"immersiveengineering:coal_coke":3,"kubejs:frozen_boar_meat":1,"stone_age:flint_knife":5,"rankine:bronze_hammer":2,"charcoal_pit:fire_starter":1,"charcoal_pit:straw":465,"minecraft:brick":145,"minecraft:shield":4,"rankine:flint_spear":2,"immersiveengineering:manual":1,"rankine:blackberries":2,"rankine:toast":2,"crockpot:cooked_eggplant":4,"crockpot:stuffed_eggplant":2,"minecraft:dark_prismarine_stairs":1,"minecraft:beef":13,"kubejs:wet_coal_dust":1,"rankine:camphor_basil_seeds":1,"stone_age:dried_grass_bed":1,"stone_age:drying_rack":5,"frostedheart:hay_pants":1,"minecraft:sugar_cane":13,"minecraft:birch_sapling":5,"rankine:pegmatite":85,"minecraft:stone":29,"minecraft:oak_door":1,"stone_age:fish_bone":6,"rankine:red_dacite":11,"kubejs:frozen_seeds_wheat":11,"rankine:flint_pickaxe":7,"weatherforecast:weather_helmet":4,"create:hand_crank":4,"minecraft:carrot":2,"minecraft:redstone":2,"frostedheart:rye_bread":26,"watersource:leather_water_bag":1,"minecraft:stone_pressure_plate":1,"crockpot:watermelon_icle":1,"rankine:black_walnut_log":8,"watersource:wooden_cup":5,"minecraft:arrow":22,"kubejs:frozen_white_turnip":8,"minecraft:cooked_cod":2,"minecraft:beetroot_seeds":11,"kubejs:frozen_seeds_beetroots":10,"rankine:stibnite":30,"rankine:dolostone":127,"rankine:mica_schist":56,"rankine:tufa_limestone":237,"minecraft:mutton":9,"charcoal_pit:log_pile":3,"charcoal_pit:coke":16,"steampowered:bronze_flywheel":2,"frostedheart:generator_brick":30,"crockpot:pepper_seeds":4,"rankine:bandage":2,"stone_age:fat":9,"rankine:black_marble":9,"minecraft:salmon":5,"frostedheart:hide_jacket":1,"frostedheart:ceramic_bucket":3,"minecraft:filled_map":1,"rankine:flint_shovel":1,"minecraft:oak_log":200,"minecraft:gunpowder":2,"immersiveengineering:treated_wood_horizontal":1,"frostedheart:rye":88,"minecraft:white_banner":11,"minecraft:cooked_mutton":9,"charcoal_pit:cracked_pot":13,"minecraft:stone_bricks":4,"minecraft:apple":1,"minecraft:gray_carpet":11,"minecraft:cooked_chicken":4,"kubejs:frozen_seeds_pumpkin":11,"kubejs:frozen_fat":1,"kubejs:pyrite":30,"minecraft:oak_slab":14,"frostedheart:generator_ash":21,"crockpot:surf_n_turf":1,"frostedheart:generator_core_t1":3,"minecraft:dandelion":2,"steampowered:bronze_cogwheel":4,"minecraft:gravel":314,"rankine:quicklime":3,"minecraft:spider_eye":3,"rankine:rice_seeds":1,"charcoal_pit:barrel":3,"minecraft:pumpkin_seeds":11,"rankine:asparagus_seeds":2,"kubejs:frozen_porkchop":1,"rankine:malachite":285,"kubejs:flux":56,"tetra:geode":1,"immersiveengineering:seed":2,"minecraft:campfire":1,"minecraft:iron_helmet":1,"kubejs:clay_bucket":1,"rankine:black_dacite":8,"charcoal_pit:ash":119,"minecraft:baked_potato":2,"watersource:wooden_cup_drink":40,"minecraft:melon_seeds":7,"immersiveengineering:hammer":1,"minecraft:coal":41,"kubejs:frozen_seeds_melon":7},"minecraft:used":{"rankine:alloy_sword":3,"crockpot:ceviche":1,"charcoal_pit:log_pile":3,"crockpot:watermelon_icle":1,"stone_age:flint_knife":3,"minecraft:shield":72,"minecraft:stone":1,"stone_age:flint_workbench":5,"rankine:maple_sapling":1,"immersiveengineering:craftingtable":3,"frostedheart:copper_pro_pick":19,"minecraft:carrot":5,"immersiveengineering:treated_wood_horizontal":3,"minecraft:snowball":106,"minecraft:lava_bucket":20,"rankine:flint_spear":25,"rankine:gray_granite_stairs":1,"crockpot:cooked_eggplant":3,"minecraft:birch_sapling":1,"stone_age:drying_rack":7,"minecraft:stone_bricks":7,"rankine:bronze_axe":194,"minecraft:oak_sapling":10,"charcoal_pit:bellows":3,"rankine:blackberries":4,"charcoal_pit:fertilizer":6,"watersource:purified_water_bucket":3,"rankine:breccia":143,"minecraft:gray_carpet":6,"minecraft:oak_planks":2,"rankine:flint_knife":287,"crockpot:flower_salad":1,"minecraft:sugar_cane":11,"stone_age:cooked_fat":2,"rankine:dolostone":45,"rankine:rope":3,"minecraft:sand":19,"frostedheart:white_turnip_block":146,"rankine:raspberries":15,"minecraft:crossbow":13,"crockpot:turkey_dinner":1,"crockpot:ratatouille":3,"minecraft:bread":1,"minecraft:oak_pressure_plate":2,"rankine:flint_axe":186,"minecraft:gravel":213,"minecraft:pufferfish":1,"rankine:bronze_hammer":32,"minecraft:andesite":9,"minecraft:birch_log":1,"minecraft:bone_meal":127,"crockpot:fruit_medley":2,"rankine:invar_pickaxe":162,"crockpot:surf_n_turf":1,"crockpot:iced_tea":1,"minecraft:light_gray_carpet":2,"crockpot:veg_stinger":1,"charcoal_pit:coal_pile":2,"frostedheart:rye_block":105,"frostedheart:generator_core_t1":4,"crockpot:potato_tornado":3,"charcoal_pit:cracked_pot":13,"minecraft:cooked_salmon":2,"crockpot:gazpacho":2,"rankine:bronze_door":2,"minecraft:cooked_chicken":2,"minecraft:oak_door":4,"minecraft:torch":111,"minecraft:dirt":530,"stone_age:cooked_venison":3,"crockpot:fish_tacos":2,"stone_age:tanning_rack":4,"crockpot:potato_souffle":1,"rankine:invar_shovel":178,"rankine:bronze_shovel":374,"stone_age:fat":1,"rankine:tufa_limestone":22,"rankine:pegmatite":16,"crockpot:stuffed_eggplant":2,"rankine:flint_hoe":1,"rankine:hornblende_andesite":22,"stone_age:stone_chest":10,"minecraft:barrel":1,"primalwinter:snowy_vine":5,"rankine:red_dacite":2,"rankine:black_walnut_log":1,"minecraft:stone_pressure_plate":2,"minecraft:cooked_beef":7,"minecraft:cooked_mutton":5,"minecraft:water_bucket":7,"minecraft:baked_potato":1,"steampowered:bronze_flywheel":2,"frostedheart:generator_brick":51,"frostedheart:thermos":119,"charcoal_pit:sandy_collector":2,"frostedheart:rye_bread":50,"watersource:wooden_cup":20,"minecraft:crafting_table":2,"rankine:black_dacite":4,"minecraft:spider_eye":1,"crockpot:monster_lasagna":1,"minecraft:campfire":2,"rankine:flint_pickaxe":752,"rankine:bronze_pickaxe":894,"minecraft:oak_log":2,"minecraft:apple":7,"rankine:flint_shovel":217,"steampowered:bronze_cogwheel":4,"minecraft:oak_button":1,"minecraft:stone_slab":3,"charcoal_pit:barrel":3,"rankine:snowberries":5,"watersource:wooden_cup_drink":2,"frostedheart:generator_amplifier_r1":16,"rankine:toast":1,"minecraft:cobblestone":13,"rankine:gray_granite":5,"minecraft:white_banner":6,"stone_age:dried_grass_bed":1,"minecraft:bucket":31,"create:hand_crank":4},"minecraft:killed":{"minecraft:witch":1,"minecraft:spider":7,"minecraft:skeleton":9,"minecraft:silverfish":6,"minecraft:zombie_villager":1,"minecraft:salmon":7,"minecraft:creeper":2,"minecraft:pillager":15,"minecraft:zombie":45,"minecraft:stray":5,"stone_age:boar":2},"minecraft:crafted":{"kubejs:limed_coal":1,"immersiveengineering:coke":1,"minecraft:oak_pressure_plate":2,"rankine:rope":32,"rankine:invar_pickaxe":1,"charcoal_pit:thatch":1,"rankine:flint_hoe":1,"minecraft:bow":2,"rankine:bronze_shovel":5,"frostedheart:generator_brick":21,"rankine:bronze_axe":4,"rankine:bronze_door":1,"minecraft:stone_pressure_plate":1,"minecraft:oak_button":1,"stone_age:flint_workbench":1,"charcoal_pit:clay_pot":9,"minecraft:stone_bricks":60,"frostedheart:hay_hat":3,"rankine:bronze_pickaxe":8,"minecraft:crafting_table":1,"immersiveengineering:slab_treated_wood_horizontal":6,"rankine:flint_knife":9,"frostedheart:rye_bread":17,"minecraft:campfire":1,"frostedheart:generator_core_t1":1,"minecraft:shield":1,"immersiveengineering:stick_treated":8,"rankine:flint_shovel":3,"rankine:bronze_hammer":1,"minecraft:oak_door":3,"minecraft:coal":210,"stone_age:flint_knife":3,"charcoal_pit:fertilizer":6,"minecraft:bone_meal":96,"rankine:polished_tufa_limestone":64,"frostedheart:hide_jacket":1,"minecraft:flint_and_steel":1,"frostedheart:hay_boots":3,"charcoal_pit:fire_starter":10,"rankine:invar_shovel":1,"stone_age:drying_rack":2,"rankine:polished_breccia":64,"immersiveengineering:treated_fence":3,"rankine:pulp":2,"frostedheart:hay_jacket":3,"stone_age:dried_grass":1,"rankine:flint_pickaxe":9,"rankine:quicklime":4,"charcoal_pit:unfired_brick":144,"frostedheart:hay_pants":1,"frostedheart:generator_amplifier_r1":8,"minecraft:torch":24,"immersiveengineering:craftingtable":1},"minecraft:broken":{"rankine:bronze_axe":1,"minecraft:iron_boots":2,"minecraft:iron_chestplate":2,"minecraft:iron_leggings":2,"rankine:bronze_pickaxe":5,"rankine:flint_axe":1,"rankine:flint_pickaxe":9,"frostedheart:hide_jacket":1,"rankine:bronze_shovel":1,"minecraft:chainmail_helmet":1,"minecraft:shield":1,"rankine:flint_knife":6,"minecraft:iron_helmet":1,"rankine:flint_shovel":3}},"DataVersion":2586}