{"stats":{"minecraft:picked_up":{"minecraft:dirt":1},"minecraft:custom":{"minecraft:jump":115,"minecraft:time_since_rest":6215,"minecraft:leave_game":1,"minecraft:play_one_minute":6215,"minecraft:walk_on_water_one_cm":206,"minecraft:sprint_one_cm":12270,"minecraft:damage_taken":27,"minecraft:time_since_death":6215,"minecraft:walk_one_cm":6366,"minecraft:sneak_time":12,"minecraft:drop":4,"minecraft:fall_one_cm":1254,"minecraft:fly_one_cm":29243},"minecraft:mined":{"rankine:blackberry_bush":1,"primalwinter:snowy_dirt":1},"minecraft:dropped":{"minecraft:iron_helmet":1,"minecraft:iron_leggings":1,"minecraft:iron_chestplate":1,"minecraft:iron_boots":1}},"DataVersion":2586}