{"stats":{"minecraft:killed_by":{"minecraft:creeper":5,"minecraft:pillager":2,"minecraft:silverfish":2,"minecraft:zombie":5,"stone_age:mouflon":1,"minecraft:stray":3,"minecraft:skeleton":3},"minecraft:crafted":{"minecraft:barrel":2,"charcoal_pit:mechanical_bellows":1,"rankine:rope":30,"minecraft:lever":1,"charcoal_pit:bellows":1,"stone_age:tree_stump":2,"kubejs:clay_bucket":1,"rankine:flint_hoe":1,"minecraft:repeater":1,"minecraft:iron_boots":2,"rankine:bronze_shovel":2,"rankine:bronze_axe":11,"charcoal_pit:clay_pot":37,"rankine:bronze_pickaxe":25,"create:fluid_pipe":6,"minecraft:iron_helmet":2,"rankine:flint_knife":9,"minecraft:oak_wood":3,"frostedheart:rye_bread":97,"minecraft:campfire":1,"charcoal_pit:main_bloomery":1,"steampowered:bronze_large_cogwheel":2,"minecraft:iron_chestplate":3,"minecraft:shield":1,"create:mechanical_pump":1,"minecraft:leather_chestplate":1,"minecraft:gold_ingot":2,"immersiveengineering:stick_treated":4,"rankine:flint_shovel":2,"minecraft:redstone_torch":6,"rankine:bronze_hammer":2,"rankine:snowshoes":1,"minecraft:coal":1015,"stone_age:flint_knife":8,"create:wrench":1,"charcoal_pit:log_pile":31,"steampowered:bronze_cogwheel":4,"comforts:sleeping_bag_white":1,"charcoal_pit:fertilizer":32,"minecraft:piston":1,"minecraft:bone_meal":105,"stone_age:millstone":1,"charcoal_pit:fire_starter":50,"crockpot:crock_pot_basic":1,"stone_age:drying_rack":1,"create:fluid_tank":4,"charcoal_pit:barrel":1,"rankine:andesite_bricks":6,"create:hand_crank":1,"rankine:bronze_sword":2,"create:goggles":1,"charcoal_pit:sandy_brick":4,"minecraft:leather_helmet":1,"rankine:flint_pickaxe":6,"rankine:copper_nugget":9,"minecraft:oak_log":36,"minecraft:white_dye":2,"minecraft:iron_leggings":2,"charcoal_pit:unfired_sandy_brick":8,"rankine:black_birch_wood":3,"minecraft:white_bed":1,"create:shaft":3,"minecraft:torch":256,"frostedheart:straw_lining":4,"create:copper_casing":4},"minecraft:dropped":{"rankine:maple_log":1,"minecraft:cooked_beef":5,"minecraft:oak_log":438,"minecraft:glass_bottle":2,"rankine:alloy_sword":1,"rankine:flint_pickaxe":8,"crockpot:pepper_seeds":2,"rankine:dolostone":18,"watersource:wooden_cup":4,"kubejs:frozen_porkchop":1,"minecraft:flint":15,"minecraft:dirt":49,"rankine:yellow_birch_slab":4,"rankine:flint_shovel":1,"minecraft:snowball":726,"minecraft:gold_nugget":20,"rankine:pegmatite":26,"minecraft:sand":16,"rankine:bronze_hammer":2,"minecraft:iron_pickaxe":1,"minecraft:birch_log":51,"ftbquests:book":6,"rankine:rope":11,"rankine:snowberries":10,"minecraft:bone":13,"charcoal_pit:clay_pot":1,"minecraft:gravel":40,"kubejs:charcoal_briquette":3,"weatherforecast:weather_radar":6,"kubejs:straw_briquette":2,"weatherforecast:weather_helmet":1,"rankine:maple_sapling":2,"stone_age:fish_bone":1,"rankine:copper_ingot":27,"crockpot:corn_seeds":1,"minecraft:birch_sapling":4,"charcoal_pit:coal_pile":1,"rankine:mortar":64,"frostedheart:rye_block":2,"minecraft:rotten_flesh":16,"rankine:stone_hammer":2,"minecraft:oak_planks":13,"kubejs:frozen_seeds_unknown":44,"minecraft:light_gray_carpet":1,"kubejs:frozen_seeds_wheat":18,"rankine:bronze_alloy":10,"minecraft:carrot":2,"minecraft:poppy":2,"watersource:primitive_strainer":1,"rankine:invar_shovel":3,"charcoal_pit:ash":37,"minecraft:oak_wood":3,"immersiveengineering:manual":1,"kubejs:frozen_seeds_melon":6,"minecraft:charcoal":169,"minecraft:beetroot_seeds":11,"minecraft:melon_seeds":1,"create:wrench":1,"rankine:jute_seeds":2,"rankine:flint_axe":8,"minecraft:arrow":13,"rankine:white_marble":2,"frostedheart:straw_lining":1,"immersiveengineering:seed":3,"minecraft:egg":1,"create:mechanical_mixer":1,"rankine:flower_seeds":6,"crockpot:asparagus_seeds":1,"crockpot:surf_n_turf":1,"rankine:breccia":52,"minecraft:feather":6,"minecraft:cobblestone":2,"charcoal_pit:sandy_collector":1,"crockpot:unknown_seeds":2,"rankine:cotton_seeds":4,"kubejs:frozen_seeds_beetroots":8,"rankine:bronze_pickaxe":4,"minecraft:coal":19,"watersource:leather_water_bag":3,"minecraft:stick":379,"minecraft:pufferfish":16,"rankine:bronze_axe":1,"rankine:black_birch_sapling":8,"charcoal_pit:straw":46,"crockpot:onion_seeds":2,"minecraft:torch":26,"kubejs:flux":3,"rankine:black_birch_log":10,"watersource:wooden_cup_drink":6,"minecraft:potion":1,"minecraft:iron_leggings":2,"minecraft:stone_brick_slab":1,"minecraft:dandelion":4,"rankine:corn_seeds":1,"primalwinter:snowy_vine":37,"stone_age:flint_knife":4,"minecraft:dark_prismarine_stairs":1,"stone_age:flint_workbench":1,"charcoal_pit:log_pile":1,"rankine:flint_knife":2,"stone_age:raw_hide":1,"crockpot:cooked_egg":11,"minecraft:clay_ball":48,"minecraft:iron_boots":1,"frostedheart:thermos":6,"create:copper_sheet":3,"rankine:malachite":150,"charcoal_pit:cracked_pot":1,"minecraft:flint_and_steel":1,"rankine:asparagus_seeds":2,"minecraft:filled_map":3,"rankine:tufa_limestone":62,"rankine:bronze_shovel":1,"kubejs:frozen_seeds_blackwheat":6,"minecraft:stone":2,"minecraft:iron_chestplate":3,"frostedheart:ceramic_bucket":4,"minecraft:andesite":1,"minecraft:oak_sapling":145,"kubejs:frozen_seeds_pumpkin":5,"minecraft:barrel":2,"kubejs:sawdust_briquette":8,"minecraft:bow":2,"kubejs:frozen_beef":3,"stone_age:stone_chest":4,"crockpot:eggplant_seeds":2,"rankine:yellow_birch_sapling":1,"minecraft:brick":8},"minecraft:mined":{"minecraft:dark_prismarine_stairs":7,"charcoal_pit:mechanical_bellows":1,"charcoal_pit:wood_ash":40,"minecraft:white_bed":1,"charcoal_pit:bloomery":15,"minecraft:grass_block":1,"rankine:komatiite":4,"stone_age:fishing_net":2,"rankine:pentlandite_ore":17,"charcoal_pit:log_pile":11,"charcoal_pit:sandy_tuyere":1,"rankine:lignite_ore":729,"comforts:sleeping_bag_white":2,"rankine:bauxite_ore":65,"rankine:bronze_door":1,"minecraft:tall_seagrass":1,"rankine:bituminous_ore":361,"minecraft:fire":36,"stone_age:dried_grass_bed":1,"minecraft:iron_bars":2,"rankine:snowberry_bush":8,"rankine:stibnite_ore":1,"charcoal_pit:ceramic_pot":1,"minecraft:brown_mushroom":5,"charcoal_pit:sandy_brick":7,"rankine:native_silver_ore":3,"minecraft:clay":103,"minecraft:torch":10,"steampowered:bronze_large_cogwheel":5,"rankine:pyrite_ore":10,"minecraft:cobblestone":14,"stone_age:tanning_rack":3,"minecraft:oak_planks":1,"minecraft:sugar_cane":5,"minecraft:wall_torch":14,"rankine:rope":4,"create:basin":3,"minecraft:chain":4,"minecraft:repeater":8,"rankine:breccia":257,"rankine:sphalerite_ore":10,"create:glass_fluid_pipe":1,"rankine:white_marble":19,"minecraft:birch_log":1,"create:mechanical_mixer":2,"minecraft:oak_log":137,"primalwinter:snowy_oak_log":308,"rankine:blackberry_bush":4,"create:hand_crank":10,"minecraft:sand":146,"minecraft:dirt":317,"minecraft:tripwire_hook":1,"frostedheart:white_turnip_block":67,"minecraft:oak_leaves":206,"primalwinter:snowy_oak_leaves":181,"rankine:yellow_birch_leaves":16,"rankine:cinnabar_ore":4,"rankine:red_dacite":8,"rankine:cassiterite_ore":46,"rankine:malachite_ore":254,"create:fluid_tank":11,"minecraft:lever":15,"primalwinter:snowy_birch_log":19,"rankine:black_marble":21,"steampowered:bronze_cogwheel":3,"minecraft:redstone_wire":2,"rankine:tufa_limestone":117,"charcoal_pit:sandy_collector":5,"rankine:kaolinite_block":1,"rankine:elderberry_bush":7,"primalwinter:snowy_sand":3,"create:shaft":8,"immersiveengineering:treated_wood_horizontal":2,"minecraft:snow":16,"rankine:native_copper_ore":97,"frostedheart:rye_block":450,"minecraft:andesite":54,"stone_age:flint_workbench":11,"rankine:mica_schist":1,"minecraft:lantern":6,"minecraft:stripped_oak_log":1,"minecraft:packed_ice":5,"stone_age:stone_chest":6,"minecraft:stone":2,"rankine:magnetite_ore":10,"primalwinter:snowy_birch_leaves":21,"minecraft:white_wool":1,"minecraft:redstone_wall_torch":6,"primalwinter:snowy_dirt":78,"frostedheart:copper_gravel":1,"minecraft:light_gray_carpet":20,"minecraft:dandelion":1,"rankine:raspberry_bush":8,"create:fluid_pipe":10,"create:mechanical_pump":8,"rankine:pegmatite":24,"minecraft:campfire":3,"charcoal_pit:bellows":5,"rankine:gray_granite":1,"minecraft:tall_grass":3,"rankine:dolostone":69,"charcoal_pit:pottery_kiln":96,"rankine:halite_ore":9,"minecraft:sweet_berry_bush":1,"minecraft:ice":90,"charcoal_pit:mainbloomery":1,"minecraft:white_wall_banner":2,"minecraft:bee_nest":1,"minecraft:gravel":166,"minecraft:gray_carpet":14,"charcoal_pit:barrel":3,"primalwinter:snowy_vine":4,"primalwinter:snowy_spruce_leaves":4,"minecraft:stone_bricks":3,"rankine:black_dacite":4,"rankine:limestone_nodule":5,"minecraft:infested_stone":5},"minecraft:broken":{"stone_age:flint_knife":5,"rankine:bronze_axe":3,"minecraft:iron_boots":2,"minecraft:iron_leggings":2,"rankine:bronze_pickaxe":5,"rankine:flint_axe":9,"rankine:flint_pickaxe":3,"rankine:bronze_sword":1,"minecraft:leather_helmet":1,"minecraft:flint_and_steel":1,"rankine:bronze_shovel":1,"minecraft:leather_chestplate":1,"rankine:flint_spear":2,"rankine:flint_knife":4,"minecraft:leather_boots":1,"minecraft:iron_helmet":3,"rankine:flint_shovel":1},"minecraft:killed":{"stone_age:fowl":3,"minecraft:spider":2,"stone_age:terror_bird":3,"minecraft:skeleton":14,"minecraft:chicken":3,"minecraft:silverfish":18,"minecraft:pig":3,"stone_age:deer":14,"minecraft:creeper":1,"minecraft:sheep":8,"minecraft:pillager":3,"minecraft:zombie":22,"minecraft:stray":3,"minecraft:cow":23},"minecraft:picked_up":{"rankine:bronze_alloy":4,"minecraft:iron_chestplate":4,"kubejs:frozen_seeds_blackwheat":6,"steampowered:bronze_large_cogwheel":5,"crockpot:asparagus_seeds":1,"rankine:rope":17,"minecraft:stone_slab":10,"minecraft:potion":2,"rankine:bronze_door":1,"charcoal_pit:clay_pot":13,"rankine:yellow_birch_log":38,"charcoal_pit:ceramic_pot":3,"charcoal_pit:mechanical_bellows":1,"rankine:lignite":704,"minecraft:string":6,"minecraft:cooked_salmon":4,"minecraft:iron_leggings":3,"frostedheart:thermos":36,"rankine:yellow_birch_planks":9,"minecraft:pufferfish":6,"rankine:sphalerite":10,"frostedheart:copper_core_spade":1,"minecraft:gold_nugget":27,"comforts:sleeping_bag_white":2,"rankine:jute_seeds":2,"charcoal_pit:bloom_fail":16,"rankine:gray_granite":4,"crockpot:potato_tornado":1,"minecraft:redstone_torch":9,"minecraft:iron_pickaxe":1,"minecraft:iron_boots":2,"rankine:black_birch_log":76,"rankine:corn_seeds":2,"minecraft:tipped_arrow":2,"minecraft:stick":1279,"stone_age:cooked_fat":10,"create:mechanical_mixer":2,"minecraft:torch":55,"charcoal_pit:sandy_brick_item":41,"charcoal_pit:bellows":6,"kubejs:frozen_seeds_unknown":52,"rankine:yellow_birch_sapling":5,"minecraft:porkchop":3,"rankine:copper_ingot":28,"rankine:sawdust":4,"minecraft:rabbit_foot":3,"frostedheart:copper_pro_pick":1,"minecraft:rotten_flesh":44,"charcoal_pit:sandy_collector":7,"rankine:bituminous_coal":365,"rankine:flower_seeds":5,"crockpot:onion_seeds":3,"watersource:coconut_milk_bottle":1,"stone_age:flint_workbench":13,"minecraft:iron_bars":4,"minecraft:snowball":864,"minecraft:cod":8,"minecraft:cobblestone":17,"immersiveengineering:slab_treated_wood_horizontal":9,"minecraft:birch_log":162,"rankine:cotton_seeds":3,"rankine:invar_shovel":1,"minecraft:leather_chestplate":1,"minecraft:feather":24,"minecraft:cooked_beef":43,"minecraft:repeater":10,"create:fluid_tank":11,"minecraft:andesite":55,"minecraft:potato":3,"rankine:flint_axe":15,"rankine:breccia":335,"minecraft:flint":298,"rankine:black_birch_sapling":15,"stone_age:leather_strip":20,"minecraft:map":1,"crockpot:unknown_seeds":3,"minecraft:dirt":396,"minecraft:lantern":10,"frostedheart:white_turnip_block":198,"minecraft:bone":147,"minecraft:bow":4,"crockpot:kabobs":2,"ftbquests:book":15,"stone_age:stone_chest":11,"immersiveengineering:plate_gold":1,"charcoal_pit:main_bloomery":1,"create:shaft":8,"rankine:cassiterite":46,"kubejs:native_copper":98,"minecraft:oak_planks":67,"rankine:yellow_birch_slab":4,"rankine:raspberries":8,"crockpot:corn_seeds":3,"immersiveengineering:ingot_nickel":8,"primalwinter:snowy_vine":500,"rankine:flint_knife":1,"minecraft:cooked_porkchop":3,"rankine:cinnabar":4,"rankine:stone_hammer":3,"stone_age:cooked_venison":11,"kubejs:bauxite":65,"rankine:pentlandite":18,"minecraft:sand":200,"rankine:alloy_sword":1,"charcoal_pit:sandy_tuyere":2,"minecraft:barrel":1,"stone_age:tanning_rack":4,"frostedheart:copper_geologists_hammer":2,"rankine:white_marble":21,"crockpot:tomato_seeds":1,"minecraft:lever":18,"kubejs:frozen_beef":48,"minecraft:oak_sapling":192,"minecraft:light_gray_carpet":20,"stone_age:raw_hide":41,"charcoal_pit:bloom_cool":17,"kubejs:straw_briquette":1,"stone_age:venison":8,"create:copper_sheet":22,"frostedheart:rye_block":1181,"minecraft:charcoal":257,"minecraft:crafting_table":1,"charcoal_pit:coal_pile":2,"steampowered:bronze_sheet":30,"minecraft:splash_potion":1,"minecraft:chicken":6,"minecraft:brown_mushroom":5,"minecraft:clay_ball":510,"stone_age:flint_knife":11,"rankine:bronze_hammer":3,"crockpot:ceviche":1,"minecraft:chain":6,"rankine:snowberries":22,"charcoal_pit:straw":636,"minecraft:brick":8,"rankine:flint_spear":2,"rankine:blackberries":11,"immersiveengineering:manual":2,"create:fluid_pipe":11,"minecraft:flint_and_steel":2,"rankine:toast":1,"minecraft:dark_prismarine_stairs":7,"kubejs:wet_straw_briquette":1,"minecraft:beef":34,"crockpot:eggplant_seeds":2,"kubejs:halite":9,"create:basin":3,"stone_age:dried_grass_bed":1,"rankine:maple_sapling":2,"minecraft:poppy":2,"stone_age:drying_rack":1,"minecraft:sugar_cane":36,"minecraft:birch_sapling":17,"rankine:pegmatite":50,"minecraft:egg":6,"kubejs:frozen_venison":18,"minecraft:stone":68,"stone_age:fish_bone":7,"rankine:red_dacite":9,"kubejs:frozen_seeds_wheat":19,"rankine:flint_pickaxe":14,"weatherforecast:weather_helmet":2,"create:hand_crank":11,"minecraft:carrot":4,"minecraft:redstone":3,"watersource:leather_water_bag":3,"kubejs:frozen_chicken":4,"watersource:wooden_cup":4,"rankine:banana_yucca":3,"minecraft:arrow":31,"kubejs:frozen_white_turnip":7,"stone_age:fishing_net":3,"minecraft:cooked_cod":10,"minecraft:beetroot_seeds":10,"kubejs:frozen_seeds_beetroots":9,"rankine:stibnite":1,"rankine:dolostone":94,"crockpot:cooked_egg":15,"rankine:magnetite":10,"rankine:mica_schist":1,"rankine:tufa_limestone":274,"minecraft:mutton":2,"charcoal_pit:log_pile":30,"minecraft:white_wool":7,"kubejs:sawdust_briquette":10,"minecraft:stripped_oak_log":1,"crockpot:pepper_seeds":1,"rankine:bandage":48,"stone_age:fat":8,"rankine:black_marble":22,"minecraft:tripwire_hook":1,"minecraft:leather":35,"frostedheart:ceramic_bucket":6,"minecraft:filled_map":2,"charcoal_pit:unfired_sandy_brick":28,"rankine:flint_shovel":4,"minecraft:oak_log":1169,"minecraft:gunpowder":3,"watersource:primitive_strainer":1,"immersiveengineering:treated_wood_horizontal":9,"frostedheart:rye":418,"minecraft:white_banner":4,"crockpot:fish_tacos":1,"minecraft:cooked_mutton":2,"charcoal_pit:cracked_pot":43,"minecraft:gray_carpet":21,"minecraft:apple":22,"minecraft:stone_bricks":9,"stone_age:antler":29,"minecraft:iron_ingot":87,"minecraft:cooked_chicken":6,"kubejs:frozen_seeds_pumpkin":8,"minecraft:glass_bottle":2,"rankine:komatiite":11,"kubejs:frozen_fat":19,"kubejs:pyrite":16,"kubejs:silver":1,"minecraft:oak_slab":6,"minecraft:sweet_berries":3,"minecraft:stone_brick_slab":1,"crockpot:surf_n_turf":1,"minecraft:dandelion":4,"rankine:strawberries":1,"steampowered:bronze_cogwheel":3,"minecraft:gravel":214,"stone_age:grass_mesh":4,"rankine:quicklime":89,"minecraft:white_bed":1,"weatherforecast:weather_radar":6,"minecraft:chainmail_leggings":1,"rankine:kaolinite_block":1,"rankine:rice_seeds":1,"minecraft:leather_helmet":1,"kubejs:frozen_mutton":11,"kubejs:flux":142,"frostedheart:straw_lining":4,"minecraft:oak_wood":3,"charcoal_pit:barrel":4,"rankine:malachite":355,"minecraft:pumpkin_seeds":6,"rankine:asparagus_seeds":2,"rankine:bronze_pickaxe":2,"kubejs:frozen_porkchop":4,"immersiveengineering:seed":3,"minecraft:campfire":2,"create:mechanical_pump":8,"charcoal_pit:sandy_brick":11,"minecraft:iron_helmet":2,"kubejs:clay_bucket":1,"minecraft:gray_wool":1,"rankine:black_dacite":4,"charcoal_pit:ash":462,"minecraft:baked_potato":1,"watersource:wooden_cup_drink":155,"minecraft:black_wool":1,"minecraft:melon_seeds":1,"minecraft:coal":48,"minecraft:ender_pearl":1,"kubejs:frozen_seeds_melon":9},"minecraft:custom":{"minecraft:interact_with_crafting_table":174,"minecraft:open_barrel":571,"minecraft:leave_game":24,"minecraft:time_since_death":142814,"minecraft:sprint_one_cm":2583962,"minecraft:damage_blocked_by_shield":910,"minecraft:drop":557,"minecraft:deaths":29,"minecraft:jump":17132,"minecraft:walk_on_water_one_cm":77686,"minecraft:play_one_minute":1694105,"minecraft:sleep_in_bed":13,"minecraft:damage_dealt":15322,"minecraft:player_kills":2,"minecraft:crouch_one_cm":190988,"minecraft:mob_kills":133,"minecraft:interact_with_campfire":325,"minecraft:climb_one_cm":29864,"minecraft:walk_one_cm":3814796,"minecraft:sneak_time":80959,"minecraft:walk_under_water_one_cm":104557,"minecraft:time_since_rest":96322,"minecraft:damage_taken":15982,"minecraft:swim_one_cm":31510,"minecraft:fly_one_cm":2401366,"minecraft:open_chest":253,"minecraft:fall_one_cm":262405},"minecraft:used":{"crockpot:ceviche":2,"stone_age:fishing_net":3,"charcoal_pit:log_pile":56,"crockpot:watermelon_icle":2,"minecraft:shield":22,"stone_age:flint_knife":68,"minecraft:stone":2,"stone_age:flint_workbench":12,"steampowered:bronze_large_cogwheel":12,"rankine:bronze_sword":131,"create:fluid_tank":15,"frostedheart:copper_pro_pick":20,"immersiveengineering:treated_wood_horizontal":2,"minecraft:snowball":120,"stone_age:tree_stump":2,"rankine:banana_yucca":7,"rankine:flint_spear":138,"minecraft:birch_sapling":9,"minecraft:lantern":8,"stone_age:drying_rack":2,"minecraft:stone_bricks":2,"crockpot:cooked_egg":1,"frostedheart:copper_core_spade":3,"rankine:bronze_axe":272,"minecraft:repeater":10,"create:shaft":8,"minecraft:bow":8,"charcoal_pit:main_bloomery":2,"minecraft:oak_sapling":34,"minecraft:sweet_berries":4,"minecraft:cooked_cod":13,"charcoal_pit:bellows":5,"rankine:blackberries":11,"charcoal_pit:fertilizer":32,"minecraft:dark_prismarine_stairs":6,"rankine:breccia":132,"minecraft:gray_carpet":25,"minecraft:oak_planks":2,"rankine:flint_knife":388,"stone_age:cooked_fat":6,"rankine:dolostone":9,"rankine:rope":4,"minecraft:sand":12,"frostedheart:white_turnip_block":132,"rankine:raspberries":31,"frostedheart:copper_geologists_hammer":7,"minecraft:lever":19,"immersiveengineering:hammer":3,"minecraft:redstone_torch":13,"minecraft:bread":16,"crockpot:kabobs":3,"rankine:flint_axe":639,"minecraft:gravel":72,"stone_age:millstone":1,"create:basin":4,"rankine:mortar":2,"minecraft:chain":2,"minecraft:bone_meal":72,"crockpot:fruit_medley":1,"crockpot:surf_n_turf":2,"minecraft:flint_and_steel":1,"crockpot:iced_tea":1,"minecraft:redstone":4,"rankine:bronze_door":1,"minecraft:light_gray_carpet":21,"crockpot:veg_stinger":2,"minecraft:cooked_salmon":4,"charcoal_pit:coal_pile":1,"frostedheart:rye_block":542,"charcoal_pit:cracked_pot":42,"crockpot:gazpacho":1,"minecraft:cooked_chicken":4,"minecraft:torch":222,"minecraft:dirt":383,"create:mechanical_pump":9,"crockpot:fish_tacos":1,"stone_age:cooked_venison":10,"create:mechanical_mixer":3,"charcoal_pit:mechanical_bellows":2,"stone_age:tanning_rack":4,"crockpot:potato_souffle":1,"rankine:invar_shovel":188,"rankine:bronze_shovel":121,"stone_age:fat":7,"rankine:tufa_limestone":95,"create:wrench":6,"rankine:flint_hoe":45,"stone_age:stone_chest":7,"minecraft:barrel":1,"primalwinter:snowy_vine":6,"minecraft:tripwire_hook":2,"create:fluid_pipe":11,"comforts:sleeping_bag_white":2,"minecraft:cooked_beef":35,"minecraft:cooked_mutton":1,"rankine:strawberries":1,"minecraft:baked_potato":1,"charcoal_pit:ceramic_pot":3,"crockpot:perogies":1,"frostedheart:thermos":151,"charcoal_pit:sandy_collector":6,"frostedheart:rye_bread":51,"watersource:wooden_cup":79,"minecraft:crafting_table":1,"crockpot:monster_lasagna":1,"minecraft:white_bed":2,"minecraft:campfire":3,"minecraft:cod":2,"rankine:flint_pickaxe":644,"rankine:bronze_pickaxe":1917,"minecraft:oak_log":33,"rankine:flint_shovel":208,"minecraft:black_wool":1,"minecraft:apple":21,"frostedheart:generator_ash":3,"steampowered:bronze_cogwheel":7,"minecraft:map":2,"minecraft:stone_slab":4,"charcoal_pit:barrel":5,"crockpot:crock_pot_basic":1,"rankine:snowberries":12,"charcoal_pit:sandy_tuyere":2,"watersource:wooden_cup_drink":13,"minecraft:stripped_oak_log":1,"rankine:toast":1,"minecraft:white_banner":4,"minecraft:cooked_porkchop":1,"stone_age:dried_grass_bed":1,"create:hand_crank":14,"crockpot:wet_goop":2,"minecraft:splash_potion":1,"charcoal_pit:sandy_brick":14}},"DataVersion":2586}