{"stats":{"minecraft:killed_by":{"minecraft:pillager":1,"minecraft:skeleton":1},"minecraft:broken":{"rankine:bronze_axe":3,"rankine:bronze_pickaxe":4,"rankine:flint_axe":2,"rankine:invar_shovel":1,"rankine:invar_pickaxe":1,"rankine:flint_hoe":3,"rankine:flint_pickaxe":16,"rankine:flint_knife":1,"rankine:flint_shovel":2},"minecraft:killed":{"stone_age:mouflon":1,"minecraft:skeleton":1,"minecraft:pillager":4,"minecraft:zombie":2,"minecraft:silverfish":1,"minecraft:stray":1,"minecraft:drowned":1},"minecraft:mined":{"minecraft:dark_prismarine_stairs":15,"minecraft:white_bed":2,"charcoal_pit:bloomery":18,"immersiveengineering:blastbrick":7,"minecraft:oak_pressure_plate":1,"minecraft:fire":4,"minecraft:barrel":5,"rankine:gray_granite_stairs":5,"rankine:stibnite_ore":1,"minecraft:torch":13,"rankine:pyrite_ore":52,"minecraft:glass":1,"stone_age:tanning_rack":1,"rankine:rope":4,"rankine:maple_log":8,"create:basin":1,"rankine:breccia":712,"rankine:sphalerite_ore":2,"immersiveengineering:alloy_smelter":1,"rankine:tufa_limestone_wall":5,"rankine:dolostone_stairs":10,"create:mechanical_mixer":1,"storagedrawers:oak_full_drawers_2":2,"primalwinter:snowy_oak_log":7,"rankine:black_birch_slab":4,"create:hand_crank":2,"rankine:cinnabar_ore":9,"stone_age:tree_stump":2,"rankine:cassiterite_ore":124,"create:fluid_tank":8,"primalwinter:snowy_birch_log":5,"create:encased_fan":1,"rankine:tufa_limestone":603,"rankine:hornblende_andesite":4,"rankine:yellow_birch_fence":1,"create:shaft":1,"rankine:dolostone_button":1,"minecraft:snow":11,"rankine:black_walnut_leaves":12,"rankine:native_copper_ore":1,"frostedheart:rye_block":959,"minecraft:andesite":10,"primalwinter:snowy_dirt":42,"rankine:native_gold_ore":7,"minecraft:light_gray_carpet":2,"rankine:maple_planks":5,"storagedrawers:oak_full_drawers_4":23,"minecraft:smooth_sandstone":2,"rankine:pegmatite":10,"rankine:refractory_bricks":1,"rankine:gray_granite":8,"charcoal_pit:pottery_kiln":13,"rankine:black_birch_planks":2,"minecraft:gravel":253,"minecraft:oak_button":3,"minecraft:stone_bricks":2,"minecraft:infested_stone":2,"rankine:yellow_birch_planks":10,"charcoal_pit:wood_ash":2,"minecraft:oak_sapling":2,"minecraft:farmland":5,"rankine:komatiite":1,"rankine:bronze_door":1,"rankine:tufa_limestone_bricks":2,"stone_age:dried_grass_bed":1,"rankine:yellow_birch_pressure_plate":4,"rankine:yellow_birch_log":28,"stone_age:drying_rack":9,"charcoal_pit:ceramic_pot":4,"stone_age:millstone":1,"rankine:native_silver_ore":37,"minecraft:clay":37,"steampowered:bronze_large_cogwheel":3,"minecraft:poppy":3,"minecraft:chest":4,"minecraft:oak_planks":1,"minecraft:wall_torch":35,"immersiveengineering:alloybrick":11,"rankine:breccia_stairs":2,"minecraft:seagrass":1,"minecraft:birch_log":1,"watersource:primitive_strainer":4,"rankine:black_birch_log":12,"minecraft:oak_log":23,"minecraft:sand":58,"minecraft:dirt":202,"minecraft:oak_leaves":100,"frostedheart:white_turnip_block":98,"primalwinter:snowy_oak_leaves":29,"rankine:yellow_birch_leaves":15,"rankine:red_dacite":4,"minecraft:oak_door":3,"rankine:malachite_ore":38,"rankine:black_marble":22,"rankine:polished_breccia":4,"steampowered:bronze_cogwheel":3,"rankine:kaolinite_block":66,"rankine:elderberry_bush":1,"rankine:polished_tufa_limestone":6,"crockpot:crock_pot_basic":1,"stone_age:flint_workbench":7,"rankine:mica_schist":6,"minecraft:lantern":2,"rankine:tufa_limestone_stairs":4,"minecraft:packed_ice":1,"stone_age:stone_chest":8,"minecraft:stone":4,"primalwinter:snowy_birch_leaves":3,"immersiveengineering:craftingtable":3,"primalwinter:snowy_gravel":1,"watersource:wooden_water_filter":1,"minecraft:crafting_table":12,"minecraft:oak_wood":1,"rankine:polished_dolostone":2,"minecraft:stone_slab":1,"rankine:maple_leaves":17,"rankine:black_walnut_log":10,"rankine:dolostone":304,"minecraft:ice":44,"minecraft:white_wall_banner":1,"minecraft:gray_carpet":9,"primalwinter:snowy_vine":6,"charcoal_pit:barrel":5,"rankine:black_dacite":6,"rankine:limestone_nodule":4},"minecraft:crafted":{"rankine:breccia_stairs":4,"rankine:rope":46,"rankine:invar_pickaxe":1,"rankine:bronze_shovel":1,"rankine:bronze_axe":4,"rankine:gray_granite_stairs":4,"storagedrawers:oak_full_drawers_4":8,"immersiveengineering:slab_treated_wood_horizontal":6,"storagedrawers:oak_full_drawers_1":2,"frostedheart:rye_bread":323,"minecraft:campfire":1,"create:mechanical_mixer":1,"storagedrawers:oak_full_drawers_2":2,"rankine:flint_shovel":2,"rankine:tufa_limestone_stairs":12,"stone_age:flint_knife":1,"minecraft:iron_nugget":9,"minecraft:bone_meal":192,"create:electron_tube":1,"frostedheart:hay_jacket":1,"rankine:tufa_limestone_wall":24,"rankine:flint_pickaxe":14,"rankine:dolostone_stairs":8,"create:shaft":3,"minecraft:barrel":2,"rankine:dolostone_pressure_plate":1,"rankine:yellow_birch_fence":3,"create:andesite_casing":4,"immersiveengineering:coal_coke":9,"immersiveengineering:sheetmetal_iron":4,"rankine:polished_dolostone":56,"rankine:flint_hoe":2,"rankine:tufa_limestone_pressure_plate":1,"minecraft:chest":22,"stone_age:flint_workbench":1,"charcoal_pit:clay_pot":2,"minecraft:stone_bricks":6,"frostedheart:hay_hat":2,"rankine:bronze_pickaxe":6,"minecraft:crafting_table":2,"rankine:flint_knife":1,"immersiveengineering:cokebrick":27,"rankine:flint_axe":7,"minecraft:iron_chestplate":1,"create:brass_casing":4,"minecraft:redstone_torch":1,"watersource:wooden_water_filter":1,"rankine:yellow_birch_button":1,"steampowered:bronze_cogwheel":4,"rankine:polished_tufa_limestone":4,"frostedheart:hay_boots":2,"charcoal_pit:fire_starter":1,"rankine:polished_breccia":4,"create:basin":1,"create:hand_crank":2,"rankine:dolostone_button":1,"rankine:yellow_birch_pressure_plate":1,"create:whisk":1,"frostedheart:hay_pants":2,"minecraft:torch":112},"minecraft:picked_up":{"minecraft:iron_chestplate":5,"kubejs:frozen_seeds_blackwheat":1,"steampowered:bronze_large_cogwheel":4,"minecraft:stone_slab":14,"create:wrench":2,"rankine:bronze_door":1,"charcoal_pit:clay_pot":1,"immersiveengineering:blastbrick":13,"minecraft:string":3,"frostedheart:thermos":36,"minecraft:pufferfish":13,"minecraft:gold_nugget":20,"crockpot:potato_tornado":3,"rankine:black_birch_log":12,"rankine:corn_seeds":1,"kubejs:invar_steel_plate":2,"charcoal_pit:bellows":2,"kubejs:frozen_seeds_unknown":21,"rankine:copper_ingot":27,"minecraft:rabbit_foot":7,"frostedheart:copper_pro_pick":2,"watersource:purified_water_bottle":1,"rankine:gray_granite_stairs":9,"rankine:bituminous_coal":2,"rankine:flower_seeds":7,"stone_age:flint_workbench":9,"watersource:coconut_milk_bottle":1,"minecraft:iron_bars":3,"minecraft:snowball":325,"minecraft:birch_log":47,"storagedrawers:oak_full_drawers_4":24,"minecraft:feather":18,"minecraft:cooked_beef":7,"rankine:fire_clay_ball":5,"rankine:flint_axe":11,"rankine:black_walnut":4,"minecraft:flint":342,"minecraft:map":4,"minecraft:lantern":9,"rankine:mortar":72,"rankine:cast_iron_rod":3,"ftbquests:book":5,"create:goggles":2,"create:shaft":7,"kubejs:native_copper":1,"rankine:kaolinite_ball":30,"rankine:raspberries":3,"rankine:hornblende_andesite":4,"crockpot:corn_seeds":1,"rankine:cinnabar":9,"rankine:tufa_limestone_bricks":2,"minecraft:barrel":7,"frostedheart:energy_core":2,"stone_age:tanning_rack":1,"kubejs:frozen_beef":3,"kubejs:impure_alumina_dust":2,"stone_age:millstone":2,"minecraft:light_gray_carpet":7,"kubejs:straw_briquette":2,"frostedheart:rye_block":2645,"rankine:flint_hoe":3,"minecraft:crafting_table":12,"steampowered:bronze_sheet":30,"minecraft:clay_ball":214,"immersiveengineering:coal_coke":5,"immersiveengineering:manual":4,"minecraft:flint_and_steel":2,"rankine:toast":1,"minecraft:beef":4,"stone_age:dried_grass_bed":1,"rankine:maple_sapling":10,"minecraft:poppy":3,"minecraft:chest":4,"minecraft:birch_sapling":3,"rankine:pegmatite":10,"minecraft:sandstone":3,"minecraft:stone":66,"minecraft:oak_door":3,"rankine:dolostone_stairs":10,"rankine:red_dacite":10,"kubejs:frozen_seeds_wheat":5,"rankine:flint_pickaxe":10,"minecraft:carrot":3,"frostedheart:rye_bread":16,"rankine:black_walnut_log":10,"rankine:maple_planks":32,"kubejs:frozen_white_turnip":6,"minecraft:cooked_cod":8,"minecraft:beetroot_seeds":10,"kubejs:frozen_seeds_beetroots":5,"rankine:stibnite":1,"crockpot:cooked_egg":11,"watersource:wooden_water_filter":2,"rankine:tufa_limestone":823,"rankine:mica_schist":7,"rankine:magnetite":18,"kubejs:sawdust_briquette":2,"minecraft:stripped_oak_log":20,"crockpot:pepper_seeds":2,"create:iron_sheet":16,"crockpot:fruit_medley":1,"create:brass_sheet":2,"stone_age:fat":1,"frostedheart:hide_jacket":1,"minecraft:filled_map":5,"rankine:flint_shovel":9,"minecraft:oak_log":222,"stone_age:tree_stump":3,"stone_age:cooked_mouflon_meat":1,"kubejs:frozen_mouflon_meat":1,"minecraft:paper":4,"rankine:tufa_limestone_wall":5,"minecraft:white_banner":4,"crockpot:fish_tacos":2,"minecraft:stone_bricks":4,"minecraft:apple":6,"rankine:invar_alloy":4,"minecraft:glass_bottle":3,"crockpot:crock_pot_basic":1,"rankine:polished_dolostone":2,"rankine:uncut_geode":1,"rankine:strawberries":1,"steampowered:bronze_cogwheel":11,"minecraft:gravel":317,"rankine:quicklime":8,"stone_age:cooked_boar_meat":1,"rankine:kaolinite_block":82,"charcoal_pit:barrel":5,"minecraft:oak_wood":1,"storagedrawers:oak_full_drawers_2":2,"create:rose_quartz":1,"minecraft:oak_button":4,"minecraft:baked_potato":1,"watersource:wooden_cup_drink":14,"minecraft:melon_seeds":2,"immersiveengineering:hammer":3,"minecraft:ender_pearl":2,"rankine:bronze_alloy":18,"stone_age:mouflon_meat":1,"rankine:rope":14,"immersiveengineering:craftingtable":3,"minecraft:potion":13,"rankine:yellow_birch_log":46,"charcoal_pit:ceramic_pot":4,"minecraft:iron_leggings":1,"rankine:yellow_birch_planks":10,"create:sand_paper":1,"rankine:yellow_birch_fence":1,"rankine:sphalerite":2,"frostedheart:copper_core_spade":1,"comforts:sleeping_bag_white":1,"rankine:jute_seeds":2,"rankine:gray_granite":23,"rankine:alloy_pickaxe":3,"minecraft:iron_boots":1,"minecraft:tipped_arrow":1,"minecraft:stick":723,"stone_age:cooked_fat":3,"create:mechanical_mixer":1,"minecraft:torch":86,"charcoal_pit:sandy_brick_item":15,"rankine:yellow_birch_sapling":7,"rankine:snowshoes":2,"immersiveengineering:alloybrick":12,"rankine:yellow_birch_pressure_plate":5,"kubejs:charcoal_dust":12,"minecraft:rotten_flesh":18,"rankine:tin_ingot":12,"crockpot:onion_seeds":3,"minecraft:cod":16,"minecraft:cobblestone":8,"immersiveengineering:slab_treated_wood_horizontal":2,"rankine:cotton_seeds":2,"rankine:invar_shovel":4,"create:fluid_tank":8,"minecraft:andesite":56,"rankine:bronze_axe":1,"minecraft:potato":1,"rankine:breccia":1226,"crockpot:unknown_seeds":15,"minecraft:dirt":343,"rankine:polished_breccia":4,"frostedheart:white_turnip_block":373,"minecraft:bone":116,"minecraft:bow":6,"minecraft:wheat_seeds":5,"rankine:bronze_shovel":9,"stone_age:stone_chest":14,"rankine:cassiterite":126,"rankine:polished_tufa_limestone":6,"minecraft:oak_planks":241,"primalwinter:snowy_vine":190,"rankine:flint_knife":2,"stone_age:cooked_venison":4,"minecraft:oak_pressure_plate":1,"rankine:stone_hammer":5,"rankine:pentlandite":89,"minecraft:sand":96,"stone_age:boar_meat":1,"kubejs:bauxite":20,"rankine:white_marble":2,"minecraft:crossbow":1,"rankine:breccia_stairs":2,"minecraft:oak_sapling":25,"stone_age:raw_hide":3,"charcoal_pit:bloom_cool":12,"stone_age:venison":4,"minecraft:charcoal":80,"charcoal_pit:coal_pile":6,"minecraft:splash_potion":3,"stone_age:flint_knife":10,"rankine:bronze_hammer":12,"charcoal_pit:straw":301,"minecraft:chain":6,"rankine:snowberries":12,"minecraft:brick":51,"rankine:blackberries":4,"minecraft:dark_prismarine_stairs":15,"create:basin":1,"stone_age:drying_rack":10,"kubejs:frozen_venison":10,"kubejs:gold":7,"weatherforecast:weather_helmet":7,"create:hand_crank":7,"watersource:leather_water_bag":1,"watersource:wooden_cup":3,"minecraft:arrow":13,"rankine:banana_yucca":2,"rankine:beehive_oven_pit":2,"rankine:dolostone":406,"charcoal_pit:log_pile":2,"steampowered:bronze_flywheel":7,"kubejs:kaolin_dust":30,"rankine:bandage":96,"rankine:black_marble":27,"minecraft:leather":1,"rankine:black_walnut_sapling":4,"frostedheart:ceramic_bucket":7,"watersource:primitive_strainer":5,"immersiveengineering:treated_wood_horizontal":17,"frostedheart:rye":940,"minecraft:cooked_mutton":2,"rankine:black_birch_slab":6,"rankine:black_birch_planks":6,"minecraft:smooth_sandstone":2,"charcoal_pit:cracked_pot":1,"minecraft:gray_carpet":16,"minecraft:iron_ingot":48,"kubejs:frozen_seeds_pumpkin":3,"rankine:maple_log":52,"rankine:komatiite":12,"kubejs:frozen_fat":8,"kubejs:pyrite":138,"kubejs:silver":39,"frostedheart:generator_ash":62,"rankine:refractory_bricks":5,"rankine:tufa_limestone_stairs":4,"minecraft:white_bed":2,"weatherforecast:weather_radar":6,"rankine:asparagus_seeds":7,"rankine:bronze_pickaxe":6,"rankine:malachite":70,"kubejs:flux":16,"minecraft:iron_helmet":1,"create:encased_fan":1,"charcoal_pit:ash":818,"rankine:dolostone_button":2,"rankine:black_dacite":6,"minecraft:coal":21,"kubejs:frozen_seeds_melon":9},"minecraft:used":{"minecraft:chest":14,"stone_age:flint_knife":6,"minecraft:stone":4,"rankine:maple_sapling":2,"immersiveengineering:craftingtable":3,"create:fluid_tank":8,"rankine:breccia_stairs":2,"rankine:black_birch_slab":5,"minecraft:snowball":169,"rankine:banana_yucca":1,"rankine:mica_schist":1,"rankine:gray_granite_stairs":5,"stone_age:drying_rack":9,"minecraft:birch_sapling":3,"crockpot:cooked_egg":12,"create:shaft":17,"rankine:yellow_birch_sapling":6,"minecraft:oak_sapling":17,"minecraft:cooked_cod":3,"minecraft:dark_prismarine_stairs":10,"rankine:breccia":175,"crockpot:flower_salad":1,"rankine:dolostone":38,"crockpot:turkey_dinner":2,"immersiveengineering:hammer":6,"create:basin":1,"stone_age:millstone":2,"minecraft:birch_log":3,"rankine:yellow_birch_fence":4,"rankine:tufa_limestone_bricks":1,"storagedrawers:oak_full_drawers_2":4,"minecraft:light_gray_carpet":5,"frostedheart:rye_block":1079,"rankine:bronze_door":1,"minecraft:torch":157,"stone_age:cooked_venison":4,"stone_age:cooked_boar_meat":1,"crockpot:potato_souffle":1,"rankine:bronze_shovel":53,"watersource:primitive_strainer":2,"create:wrench":95,"rankine:flint_hoe":236,"rankine:hornblende_andesite":3,"stone_age:stone_chest":11,"minecraft:barrel":9,"rankine:black_walnut_log":2,"create:fluid_pipe":1,"rankine:strawberries":3,"charcoal_pit:ceramic_pot":4,"watersource:wooden_cup":2,"minecraft:crafting_table":12,"rankine:maple_planks":5,"rankine:polished_dolostone":6,"minecraft:campfire":1,"minecraft:white_bed":2,"rankine:yellow_birch_pressure_plate":4,"rankine:flint_pickaxe":1369,"rankine:bronze_pickaxe":674,"minecraft:oak_log":3,"rankine:flint_shovel":358,"rankine:tufa_limestone_stairs":10,"steampowered:bronze_cogwheel":18,"minecraft:oak_button":2,"crockpot:crock_pot_basic":1,"rankine:snowberries":15,"watersource:wooden_cup_drink":5,"rankine:gray_granite":8,"storagedrawers:oak_full_drawers_4":31,"rankine:tufa_limestone_pressure_plate":1,"charcoal_pit:log_pile":2,"rankine:refractory_bricks":1,"rankine:polished_breccia":4,"stone_age:flint_workbench":7,"steampowered:bronze_large_cogwheel":28,"rankine:black_birch_planks":2,"rankine:kaolinite_block":1,"rankine:alloy_spear":4,"immersiveengineering:cokebrick":27,"stone_age:tree_stump":3,"minecraft:glass":16,"minecraft:lantern":7,"crockpot:tropical_bouillabaisse":2,"watersource:wooden_water_filter":3,"rankine:dolostone_stairs":18,"rankine:bronze_axe":93,"stone_age:cooked_mouflon_meat":1,"rankine:yellow_birch_planks":10,"minecraft:gray_carpet":15,"minecraft:oak_planks":1,"rankine:flint_knife":56,"rankine:yellow_birch_log":12,"stone_age:cooked_fat":1,"rankine:rope":3,"frostedheart:white_turnip_block":111,"minecraft:bread":29,"rankine:tufa_limestone_wall":16,"minecraft:gravel":184,"rankine:flint_axe":197,"rankine:polished_tufa_limestone":6,"minecraft:andesite":10,"minecraft:bone_meal":192,"rankine:invar_pickaxe":239,"storagedrawers:oak_full_drawers_1":2,"crockpot:iced_tea":1,"charcoal_pit:cracked_pot":1,"minecraft:oak_door":2,"create:mechanical_pump":2,"minecraft:dirt":216,"create:mechanical_mixer":1,"rankine:yellow_birch_button":1,"minecraft:oak_wood":3,"stone_age:tanning_rack":1,"rankine:invar_shovel":38,"rankine:tufa_limestone":174,"minecraft:smooth_sandstone":2,"rankine:black_birch_log":21,"primalwinter:snowy_vine":7,"immersiveengineering:alloybrick":20,"minecraft:cooked_beef":2,"minecraft:cooked_mutton":3,"minecraft:glass_bottle":1,"minecraft:baked_potato":1,"steampowered:bronze_flywheel":17,"rankine:black_walnut_sapling":4,"frostedheart:thermos":148,"frostedheart:rye_bread":51,"rankine:black_marble":3,"minecraft:apple":3,"frostedheart:generator_ash":6,"rankine:dolostone_button":3,"rankine:dolostone_pressure_plate":1,"minecraft:stone_slab":1,"charcoal_pit:barrel":5,"rankine:maple_log":8,"minecraft:white_banner":4,"stone_age:dried_grass_bed":1,"create:hand_crank":14,"minecraft:splash_potion":1},"minecraft:dropped":{"minecraft:cooked_beef":1,"kubejs:bauxite":10,"rankine:dolostone":82,"minecraft:dirt":10,"frostedheart:rye":2,"rankine:snowshoes":1,"minecraft:chain":4,"minecraft:sand":4,"create:goggles":1,"rankine:bronze_hammer":11,"rankine:cast_iron_rod":2,"rankine:rope":7,"crockpot:ceviche":1,"charcoal_pit:clay_pot":2,"weatherforecast:weather_helmet":5,"kubejs:straw_briquette":1,"minecraft:sugar_cane":10,"charcoal_pit:coal_pile":4,"frostedheart:rye_block":1569,"rankine:mortar":48,"rankine:bituminous_coal":2,"minecraft:rotten_flesh":4,"kubejs:frozen_seeds_unknown":16,"minecraft:light_gray_carpet":2,"kubejs:frozen_seeds_wheat":2,"rankine:bronze_alloy":4,"minecraft:tipped_arrow":1,"kubejs:frozen_seeds_melon":6,"minecraft:charcoal":45,"rankine:jute_seeds":2,"minecraft:beef":4,"minecraft:iron_ingot":3,"crockpot:fish_tacos":2,"create:polished_rose_quartz":1,"rankine:cassiterite":15,"minecraft:feather":9,"minecraft:iron_helmet":1,"frostedheart:rye_bread":31,"crockpot:unknown_seeds":4,"kubejs:frozen_seeds_beetroots":2,"minecraft:coal":4,"minecraft:pufferfish":8,"rankine:bronze_axe":1,"charcoal_pit:straw":36,"minecraft:potion":10,"minecraft:paper":4,"minecraft:smooth_sandstone":2,"minecraft:gray_carpet":1,"create:sand_paper":1,"stone_age:flint_knife":2,"rankine:black_birch_planks":2,"stone_age:raw_hide":1,"minecraft:clay_ball":159,"minecraft:iron_boots":1,"minecraft:stone_slab":5,"frostedheart:hide_jacket":1,"frostedheart:thermos":7,"rankine:malachite":127,"immersiveengineering:hammer":2,"rankine:asparagus_seeds":4,"rankine:bronze_shovel":7,"rankine:tufa_limestone":157,"minecraft:stone":29,"immersiveengineering:treated_wood_horizontal":14,"stone_age:drying_rack":1,"rankine:black_marble":5,"kubejs:sawdust_briquette":2,"minecraft:stone_bricks":3,"rankine:komatiite":2,"minecraft:sandstone":3,"storagedrawers:oak_full_drawers_4":1,"minecraft:bow":3,"stone_age:stone_chest":3,"rankine:banana_yucca":2,"minecraft:oak_log":40,"charcoal_pit:coke":6,"minecraft:leather":4,"charcoal_pit:sandy_brick_item":15,"rankine:flint_pickaxe":5,"rankine:kaolinite_block":13,"watersource:wooden_cup":3,"minecraft:cod":8,"minecraft:flint":62,"rankine:blackberries":3,"immersiveengineering:coal_coke":3,"rankine:flint_shovel":4,"minecraft:snowball":170,"immersiveengineering:blastbrick":12,"ftbquests:book":3,"minecraft:birch_log":23,"rankine:snowberries":3,"minecraft:gravel":28,"weatherforecast:weather_radar":3,"rankine:pentlandite":52,"rankine:stone_hammer":1,"minecraft:carrot":1,"kubejs:kaolin_dust":15,"rankine:invar_alloy":2,"charcoal_pit:ash":800,"rankine:invar_shovel":2,"immersiveengineering:manual":1,"minecraft:beetroot_seeds":4,"steampowered:bronze_sheet":2,"rankine:flint_axe":8,"minecraft:iron_bars":2,"minecraft:arrow":6,"minecraft:quartz":2,"rankine:refractory_bricks":2,"kubejs:pyrite":36,"rankine:flower_seeds":5,"rankine:yellow_birch_log":12,"rankine:bandage":48,"immersiveengineering:slab_treated_wood_horizontal":2,"rankine:breccia":386,"rankine:cotton_seeds":1,"rankine:bronze_pickaxe":2,"watersource:leather_water_bag":1,"minecraft:stick":145,"crockpot:onion_seeds":2,"crockpot:potato_tornado":1,"minecraft:torch":7,"minecraft:map":3,"watersource:wooden_cup_drink":8,"minecraft:iron_leggings":1,"frostedheart:copper_pro_pick":1,"rankine:red_dacite":6,"create:shaft":2,"stone_age:flint_workbench":1,"charcoal_pit:bellows":1,"rankine:gray_granite":11,"rankine:flint_hoe":2,"frostedheart:white_turnip_block":2,"minecraft:filled_map":4,"minecraft:oak_button":1,"kubejs:invar_steel_plate":1,"frostedheart:copper_core_spade":1,"minecraft:iron_chestplate":4,"frostedheart:ceramic_bucket":5,"minecraft:oak_sapling":6,"rankine:alloy_pickaxe":2,"rankine:beehive_oven_pit":1},"minecraft:custom":{"minecraft:interact_with_crafting_table":121,"minecraft:open_barrel":523,"minecraft:leave_game":17,"minecraft:time_since_death":223372,"minecraft:deaths":6,"minecraft:jump":8546,"minecraft:sleep_in_bed":10,"minecraft:damage_dealt":2232,"minecraft:sneak_time":43643,"minecraft:time_since_rest":25616,"minecraft:swim_one_cm":3791,"minecraft:fly_one_cm":782687,"minecraft:open_chest":378,"minecraft:fall_one_cm":75283,"minecraft:sprint_one_cm":1694895,"minecraft:drop":619,"minecraft:walk_on_water_one_cm":41668,"minecraft:play_one_minute":1621123,"minecraft:crouch_one_cm":112414,"minecraft:mob_kills":11,"minecraft:interact_with_campfire":57,"minecraft:walk_one_cm":3844862,"minecraft:walk_under_water_one_cm":19881,"minecraft:damage_taken":6149}},"DataVersion":2586}