{"stats":{"minecraft:crafted":{"rankine:breccia_stairs":4,"minecraft:barrel":2,"rankine:dolostone_pressure_plate":1,"rankine:yellow_birch_fence":3,"rankine:rope":34,"rankine:invar_pickaxe":1,"immersiveengineering:coal_coke":9,"immersiveengineering:sheetmetal_iron":4,"rankine:polished_dolostone":56,"rankine:flint_hoe":2,"rankine:tufa_limestone_pressure_plate":1,"rankine:bronze_axe":2,"minecraft:chest":3,"stone_age:flint_workbench":1,"rankine:gray_granite_stairs":4,"charcoal_pit:clay_pot":2,"minecraft:stone_bricks":6,"frostedheart:hay_hat":1,"rankine:bronze_pickaxe":4,"rankine:flint_knife":1,"immersiveengineering:cokebrick":27,"frostedheart:rye_bread":106,"minecraft:campfire":1,"create:mechanical_mixer":1,"rankine:flint_axe":5,"minecraft:iron_chestplate":1,"rankine:flint_shovel":1,"watersource:wooden_water_filter":1,"rankine:tufa_limestone_stairs":12,"stone_age:flint_knife":1,"rankine:yellow_birch_button":1,"steampowered:bronze_cogwheel":4,"minecraft:bone_meal":192,"rankine:polished_tufa_limestone":4,"frostedheart:hay_boots":1,"charcoal_pit:fire_starter":1,"rankine:polished_breccia":4,"create:basin":1,"create:hand_crank":1,"rankine:dolostone_button":1,"rankine:yellow_birch_pressure_plate":1,"rankine:tufa_limestone_wall":24,"rankine:flint_pickaxe":10,"create:whisk":1,"rankine:dolostone_stairs":8,"frostedheart:hay_pants":1,"create:shaft":3,"minecraft:torch":60},"minecraft:picked_up":{"rankine:bronze_alloy":18,"minecraft:iron_chestplate":5,"kubejs:frozen_seeds_blackwheat":1,"stone_age:mouflon_meat":1,"rankine:rope":13,"immersiveengineering:craftingtable":3,"minecraft:stone_slab":14,"create:wrench":1,"minecraft:potion":7,"rankine:bronze_door":1,"immersiveengineering:blastbrick":3,"charcoal_pit:clay_pot":1,"rankine:yellow_birch_log":35,"charcoal_pit:ceramic_pot":1,"minecraft:string":3,"minecraft:iron_leggings":1,"frostedheart:thermos":28,"minecraft:pufferfish":10,"rankine:yellow_birch_planks":10,"rankine:yellow_birch_fence":1,"minecraft:gold_nugget":20,"rankine:sphalerite":2,"frostedheart:copper_core_spade":1,"rankine:jute_seeds":2,"rankine:alloy_pickaxe":3,"rankine:gray_granite":15,"crockpot:potato_tornado":3,"rankine:corn_seeds":1,"minecraft:iron_boots":1,"rankine:black_birch_log":10,"kubejs:invar_steel_plate":2,"minecraft:tipped_arrow":1,"minecraft:stick":517,"stone_age:cooked_fat":3,"charcoal_pit:bellows":2,"minecraft:torch":63,"charcoal_pit:sandy_brick_item":15,"kubejs:frozen_seeds_unknown":20,"rankine:yellow_birch_sapling":5,"rankine:copper_ingot":27,"rankine:snowshoes":2,"immersiveengineering:alloybrick":12,"minecraft:rabbit_foot":4,"frostedheart:copper_pro_pick":2,"rankine:yellow_birch_pressure_plate":4,"rankine:gray_granite_stairs":5,"kubejs:charcoal_dust":12,"watersource:purified_water_bottle":1,"minecraft:rotten_flesh":17,"rankine:bituminous_coal":2,"rankine:flower_seeds":7,"crockpot:onion_seeds":3,"watersource:coconut_milk_bottle":1,"stone_age:flint_workbench":9,"minecraft:iron_bars":3,"minecraft:cod":16,"minecraft:snowball":325,"minecraft:cobblestone":8,"immersiveengineering:slab_treated_wood_horizontal":2,"minecraft:birch_log":47,"rankine:cotton_seeds":2,"rankine:invar_shovel":4,"minecraft:feather":18,"minecraft:cooked_beef":7,"rankine:fire_clay_ball":5,"minecraft:andesite":56,"rankine:bronze_axe":1,"minecraft:potato":1,"rankine:flint_axe":11,"rankine:breccia":536,"minecraft:flint":271,"crockpot:unknown_seeds":15,"minecraft:map":2,"minecraft:lantern":9,"minecraft:dirt":329,"rankine:polished_breccia":4,"rankine:mortar":72,"frostedheart:white_turnip_block":137,"minecraft:bone":111,"minecraft:bow":6,"minecraft:wheat_seeds":5,"rankine:cast_iron_rod":3,"ftbquests:book":5,"rankine:bronze_shovel":9,"stone_age:stone_chest":11,"rankine:cassiterite":123,"rankine:polished_tufa_limestone":6,"kubejs:native_copper":1,"minecraft:oak_planks":22,"rankine:kaolinite_ball":30,"rankine:raspberries":3,"rankine:hornblende_andesite":4,"crockpot:corn_seeds":1,"primalwinter:snowy_vine":190,"rankine:flint_knife":2,"rankine:cinnabar":9,"minecraft:oak_pressure_plate":1,"stone_age:cooked_venison":4,"rankine:stone_hammer":5,"rankine:pentlandite":89,"minecraft:sand":96,"kubejs:bauxite":20,"stone_age:boar_meat":1,"rankine:tufa_limestone_bricks":2,"minecraft:barrel":6,"frostedheart:energy_core":2,"stone_age:tanning_rack":1,"rankine:white_marble":2,"kubejs:frozen_beef":3,"rankine:breccia_stairs":2,"minecraft:crossbow":1,"kubejs:impure_alumina_dust":2,"minecraft:oak_sapling":8,"stone_age:millstone":2,"minecraft:light_gray_carpet":7,"stone_age:raw_hide":3,"charcoal_pit:bloom_cool":8,"rankine:flint_hoe":3,"kubejs:straw_briquette":2,"stone_age:venison":4,"frostedheart:rye_block":831,"minecraft:charcoal":80,"minecraft:crafting_table":11,"charcoal_pit:coal_pile":6,"steampowered:bronze_sheet":24,"minecraft:splash_potion":2,"minecraft:clay_ball":214,"stone_age:flint_knife":10,"charcoal_pit:straw":301,"rankine:bronze_hammer":12,"minecraft:chain":6,"rankine:snowberries":12,"minecraft:brick":51,"immersiveengineering:manual":3,"rankine:blackberries":4,"minecraft:flint_and_steel":2,"rankine:toast":1,"minecraft:dark_prismarine_stairs":15,"minecraft:beef":4,"stone_age:dried_grass_bed":1,"rankine:maple_sapling":8,"minecraft:poppy":3,"stone_age:drying_rack":10,"minecraft:chest":4,"minecraft:birch_sapling":3,"rankine:pegmatite":10,"minecraft:stone":66,"kubejs:frozen_venison":10,"minecraft:oak_door":2,"rankine:dolostone_stairs":10,"rankine:red_dacite":10,"kubejs:frozen_seeds_wheat":3,"kubejs:gold":7,"rankine:flint_pickaxe":10,"weatherforecast:weather_helmet":7,"minecraft:carrot":3,"frostedheart:rye_bread":16,"watersource:leather_water_bag":1,"watersource:wooden_cup":1,"rankine:maple_planks":32,"rankine:banana_yucca":2,"minecraft:arrow":13,"kubejs:frozen_white_turnip":6,"minecraft:cooked_cod":8,"rankine:beehive_oven_pit":2,"minecraft:beetroot_seeds":10,"kubejs:frozen_seeds_beetroots":5,"rankine:stibnite":1,"rankine:dolostone":382,"crockpot:cooked_egg":11,"watersource:wooden_water_filter":1,"rankine:mica_schist":6,"rankine:tufa_limestone":681,"rankine:magnetite":18,"charcoal_pit:log_pile":2,"kubejs:kaolin_dust":30,"steampowered:bronze_flywheel":1,"kubejs:sawdust_briquette":2,"minecraft:stripped_oak_log":20,"crockpot:pepper_seeds":2,"rankine:bandage":96,"create:iron_sheet":16,"crockpot:fruit_medley":1,"rankine:black_marble":27,"stone_age:fat":1,"frostedheart:hide_jacket":1,"minecraft:leather":1,"frostedheart:ceramic_bucket":6,"minecraft:filled_map":4,"rankine:flint_shovel":9,"minecraft:oak_log":149,"stone_age:tree_stump":3,"watersource:primitive_strainer":4,"stone_age:cooked_mouflon_meat":1,"immersiveengineering:treated_wood_horizontal":17,"minecraft:paper":4,"rankine:tufa_limestone_wall":5,"kubejs:frozen_mouflon_meat":1,"frostedheart:rye":321,"minecraft:white_banner":2,"crockpot:fish_tacos":2,"minecraft:cooked_mutton":2,"rankine:black_birch_planks":6,"rankine:black_birch_slab":6,"rankine:invar_alloy":4,"minecraft:stone_bricks":4,"charcoal_pit:cracked_pot":1,"minecraft:apple":3,"minecraft:gray_carpet":16,"minecraft:iron_ingot":28,"kubejs:frozen_seeds_pumpkin":3,"rankine:maple_log":36,"minecraft:glass_bottle":1,"rankine:komatiite":12,"kubejs:frozen_fat":8,"kubejs:pyrite":138,"kubejs:silver":39,"rankine:polished_dolostone":2,"crockpot:crock_pot_basic":1,"rankine:refractory_bricks":5,"rankine:uncut_geode":1,"rankine:strawberries":1,"rankine:tufa_limestone_stairs":4,"minecraft:gravel":315,"rankine:quicklime":8,"stone_age:cooked_boar_meat":1,"minecraft:white_bed":2,"weatherforecast:weather_radar":6,"rankine:kaolinite_block":50,"charcoal_pit:barrel":5,"minecraft:oak_wood":1,"rankine:asparagus_seeds":7,"rankine:bronze_pickaxe":4,"rankine:malachite":70,"kubejs:flux":16,"create:encased_fan":1,"minecraft:iron_helmet":1,"rankine:dolostone_button":2,"rankine:black_dacite":6,"charcoal_pit:ash":164,"minecraft:oak_button":4,"minecraft:baked_potato":1,"watersource:wooden_cup_drink":14,"minecraft:melon_seeds":2,"immersiveengineering:hammer":3,"minecraft:coal":20,"minecraft:ender_pearl":1,"kubejs:frozen_seeds_melon":8},"minecraft:custom":{"minecraft:interact_with_crafting_table":111,"minecraft:open_barrel":344,"minecraft:leave_game":13,"minecraft:time_since_death":147986,"minecraft:sprint_one_cm":1259662,"minecraft:drop":503,"minecraft:deaths":5,"minecraft:jump":6596,"minecraft:walk_on_water_one_cm":40401,"minecraft:play_one_minute":1236546,"minecraft:sleep_in_bed":5,"minecraft:damage_dealt":2080,"minecraft:crouch_one_cm":90003,"minecraft:mob_kills":10,"minecraft:interact_with_campfire":52,"minecraft:walk_one_cm":2893758,"minecraft:sneak_time":31468,"minecraft:walk_under_water_one_cm":19500,"minecraft:time_since_rest":148011,"minecraft:damage_taken":5276,"minecraft:swim_one_cm":3791,"minecraft:fly_one_cm":632037,"minecraft:open_chest":187,"minecraft:fall_one_cm":57635},"minecraft:killed":{"stone_age:mouflon":1,"minecraft:skeleton":1,"minecraft:silverfish":1,"minecraft:pillager":3,"minecraft:zombie":2,"minecraft:stray":1},"minecraft:used":{"rankine:tufa_limestone_pressure_plate":1,"charcoal_pit:log_pile":2,"rankine:refractory_bricks":1,"rankine:polished_breccia":4,"stone_age:flint_knife":6,"minecraft:chest":7,"minecraft:stone":4,"stone_age:flint_workbench":7,"immersiveengineering:craftingtable":3,"rankine:black_birch_planks":2,"rankine:alloy_spear":4,"rankine:kaolinite_block":1,"immersiveengineering:cokebrick":27,"rankine:breccia_stairs":2,"rankine:black_birch_slab":5,"minecraft:snowball":142,"rankine:banana_yucca":1,"stone_age:tree_stump":3,"minecraft:glass":16,"minecraft:lantern":7,"rankine:gray_granite_stairs":5,"stone_age:drying_rack":9,"minecraft:birch_sapling":3,"watersource:wooden_water_filter":2,"rankine:dolostone_stairs":18,"crockpot:cooked_egg":12,"rankine:bronze_axe":54,"rankine:yellow_birch_sapling":4,"minecraft:cooked_cod":3,"minecraft:oak_sapling":7,"minecraft:dark_prismarine_stairs":10,"stone_age:cooked_mouflon_meat":1,"rankine:yellow_birch_planks":10,"rankine:breccia":118,"minecraft:gray_carpet":15,"minecraft:oak_planks":1,"rankine:flint_knife":56,"rankine:yellow_birch_log":10,"stone_age:cooked_fat":1,"rankine:dolostone":38,"rankine:rope":3,"frostedheart:white_turnip_block":47,"crockpot:turkey_dinner":2,"immersiveengineering:hammer":5,"minecraft:bread":29,"rankine:tufa_limestone_wall":16,"minecraft:gravel":177,"rankine:flint_axe":159,"stone_age:millstone":2,"rankine:polished_tufa_limestone":6,"minecraft:andesite":10,"minecraft:birch_log":3,"rankine:yellow_birch_fence":4,"rankine:tufa_limestone_bricks":1,"minecraft:bone_meal":192,"rankine:invar_pickaxe":229,"crockpot:iced_tea":1,"minecraft:light_gray_carpet":5,"frostedheart:rye_block":448,"charcoal_pit:cracked_pot":1,"rankine:bronze_door":1,"minecraft:oak_door":2,"minecraft:torch":128,"minecraft:dirt":216,"stone_age:cooked_venison":4,"stone_age:cooked_boar_meat":1,"rankine:yellow_birch_button":1,"minecraft:oak_wood":3,"stone_age:tanning_rack":1,"crockpot:potato_souffle":1,"rankine:invar_shovel":38,"rankine:bronze_shovel":51,"watersource:primitive_strainer":2,"rankine:tufa_limestone":144,"rankine:flint_hoe":235,"rankine:hornblende_andesite":3,"rankine:black_birch_log":19,"stone_age:stone_chest":9,"minecraft:barrel":8,"primalwinter:snowy_vine":7,"immersiveengineering:alloybrick":20,"minecraft:cooked_beef":2,"minecraft:cooked_mutton":3,"rankine:strawberries":3,"minecraft:glass_bottle":1,"minecraft:baked_potato":1,"charcoal_pit:ceramic_pot":1,"steampowered:bronze_flywheel":1,"frostedheart:thermos":119,"frostedheart:rye_bread":28,"watersource:wooden_cup":2,"minecraft:crafting_table":11,"rankine:maple_planks":5,"rankine:polished_dolostone":6,"minecraft:white_bed":2,"minecraft:campfire":1,"rankine:yellow_birch_pressure_plate":4,"rankine:flint_pickaxe":1121,"rankine:bronze_pickaxe":396,"minecraft:oak_log":3,"rankine:black_marble":3,"rankine:flint_shovel":352,"rankine:dolostone_button":3,"rankine:dolostone_pressure_plate":1,"frostedheart:generator_ash":6,"rankine:tufa_limestone_stairs":10,"minecraft:oak_button":2,"minecraft:stone_slab":1,"charcoal_pit:barrel":5,"crockpot:crock_pot_basic":1,"rankine:maple_log":6,"rankine:snowberries":15,"watersource:wooden_cup_drink":5,"rankine:gray_granite":8,"stone_age:dried_grass_bed":1,"minecraft:white_banner":2,"minecraft:splash_potion":1},"minecraft:mined":{"minecraft:dark_prismarine_stairs":15,"rankine:yellow_birch_planks":10,"charcoal_pit:wood_ash":2,"minecraft:white_bed":2,"minecraft:oak_sapling":1,"minecraft:farmland":5,"charcoal_pit:bloomery":14,"rankine:komatiite":1,"minecraft:oak_pressure_plate":1,"rankine:bronze_door":1,"rankine:tufa_limestone_bricks":2,"minecraft:fire":3,"minecraft:barrel":4,"stone_age:dried_grass_bed":1,"rankine:yellow_birch_pressure_plate":4,"rankine:yellow_birch_log":25,"rankine:gray_granite_stairs":5,"stone_age:drying_rack":9,"rankine:stibnite_ore":1,"charcoal_pit:ceramic_pot":1,"stone_age:millstone":1,"rankine:native_silver_ore":37,"minecraft:clay":37,"minecraft:torch":13,"minecraft:poppy":3,"minecraft:chest":4,"rankine:pyrite_ore":52,"minecraft:glass":1,"stone_age:tanning_rack":1,"minecraft:oak_planks":1,"minecraft:wall_torch":28,"rankine:rope":4,"immersiveengineering:alloybrick":11,"rankine:breccia_stairs":2,"minecraft:seagrass":1,"rankine:maple_log":6,"rankine:breccia":413,"rankine:sphalerite_ore":2,"immersiveengineering:alloy_smelter":1,"rankine:tufa_limestone_wall":5,"minecraft:birch_log":1,"rankine:dolostone_stairs":10,"watersource:primitive_strainer":4,"rankine:black_birch_log":10,"minecraft:oak_log":13,"rankine:black_birch_slab":4,"primalwinter:snowy_oak_log":6,"minecraft:sand":58,"minecraft:dirt":196,"frostedheart:white_turnip_block":34,"minecraft:oak_leaves":71,"primalwinter:snowy_oak_leaves":23,"rankine:yellow_birch_leaves":4,"rankine:cinnabar_ore":9,"rankine:red_dacite":4,"minecraft:oak_door":2,"stone_age:tree_stump":2,"rankine:cassiterite_ore":124,"rankine:malachite_ore":38,"primalwinter:snowy_birch_log":5,"rankine:black_marble":22,"rankine:polished_breccia":4,"create:encased_fan":1,"rankine:tufa_limestone":483,"rankine:hornblende_andesite":4,"rankine:yellow_birch_fence":1,"rankine:kaolinite_block":33,"rankine:elderberry_bush":1,"rankine:polished_tufa_limestone":6,"rankine:dolostone_button":1,"crockpot:crock_pot_basic":1,"minecraft:snow":11,"rankine:native_copper_ore":1,"frostedheart:rye_block":328,"minecraft:andesite":10,"stone_age:flint_workbench":7,"rankine:mica_schist":5,"minecraft:lantern":2,"rankine:tufa_limestone_stairs":4,"stone_age:stone_chest":6,"minecraft:stone":4,"primalwinter:snowy_birch_leaves":3,"immersiveengineering:craftingtable":3,"primalwinter:snowy_gravel":1,"primalwinter:snowy_dirt":28,"rankine:native_gold_ore":7,"minecraft:light_gray_carpet":2,"rankine:maple_planks":5,"minecraft:crafting_table":11,"rankine:polished_dolostone":2,"rankine:pegmatite":10,"minecraft:oak_wood":1,"rankine:refractory_bricks":1,"minecraft:stone_slab":1,"rankine:gray_granite":8,"rankine:maple_leaves":17,"rankine:dolostone":285,"charcoal_pit:pottery_kiln":11,"minecraft:ice":44,"rankine:black_birch_planks":2,"minecraft:gravel":251,"minecraft:gray_carpet":9,"minecraft:oak_button":3,"charcoal_pit:barrel":5,"primalwinter:snowy_vine":6,"rankine:black_dacite":6,"minecraft:stone_bricks":2,"minecraft:infested_stone":2},"minecraft:dropped":{"minecraft:cooked_beef":1,"minecraft:oak_log":40,"rankine:banana_yucca":2,"charcoal_pit:coke":6,"minecraft:leather":4,"kubejs:bauxite":10,"charcoal_pit:sandy_brick_item":15,"rankine:flint_pickaxe":5,"rankine:dolostone":70,"rankine:kaolinite_block":13,"watersource:wooden_cup":2,"minecraft:cod":8,"minecraft:flint":62,"rankine:blackberries":3,"minecraft:dirt":10,"frostedheart:rye":2,"immersiveengineering:coal_coke":2,"rankine:snowshoes":1,"rankine:flint_shovel":4,"minecraft:snowball":170,"minecraft:chain":4,"minecraft:sand":4,"rankine:bronze_hammer":11,"rankine:cast_iron_rod":2,"immersiveengineering:blastbrick":2,"minecraft:birch_log":23,"ftbquests:book":3,"rankine:rope":6,"rankine:snowberries":3,"crockpot:ceviche":1,"minecraft:gravel":28,"weatherforecast:weather_radar":3,"charcoal_pit:clay_pot":2,"kubejs:straw_briquette":1,"weatherforecast:weather_helmet":5,"minecraft:sugar_cane":10,"rankine:pentlandite":52,"charcoal_pit:coal_pile":4,"rankine:mortar":48,"frostedheart:rye_block":1047,"rankine:bituminous_coal":2,"minecraft:rotten_flesh":4,"rankine:stone_hammer":1,"kubejs:frozen_seeds_unknown":15,"minecraft:light_gray_carpet":2,"kubejs:frozen_seeds_wheat":1,"rankine:bronze_alloy":4,"minecraft:carrot":1,"minecraft:tipped_arrow":1,"kubejs:kaolin_dust":15,"rankine:invar_alloy":2,"charcoal_pit:ash":23,"rankine:invar_shovel":2,"minecraft:charcoal":45,"kubejs:frozen_seeds_melon":5,"immersiveengineering:manual":1,"minecraft:beetroot_seeds":4,"rankine:jute_seeds":2,"steampowered:bronze_sheet":2,"rankine:flint_axe":8,"minecraft:iron_bars":2,"minecraft:arrow":6,"minecraft:beef":4,"rankine:refractory_bricks":2,"kubejs:pyrite":36,"rankine:yellow_birch_log":12,"rankine:flower_seeds":5,"crockpot:fish_tacos":2,"rankine:bandage":48,"immersiveengineering:slab_treated_wood_horizontal":2,"rankine:breccia":2,"minecraft:iron_helmet":1,"minecraft:feather":9,"frostedheart:rye_bread":31,"crockpot:unknown_seeds":4,"rankine:cotton_seeds":1,"kubejs:frozen_seeds_beetroots":2,"rankine:bronze_pickaxe":2,"minecraft:coal":4,"watersource:leather_water_bag":1,"minecraft:stick":119,"minecraft:pufferfish":5,"charcoal_pit:straw":36,"crockpot:onion_seeds":2,"crockpot:potato_tornado":1,"minecraft:torch":7,"minecraft:map":2,"watersource:wooden_cup_drink":8,"minecraft:potion":4,"minecraft:iron_leggings":1,"minecraft:paper":3,"minecraft:gray_carpet":1,"frostedheart:copper_pro_pick":1,"stone_age:flint_knife":2,"rankine:black_birch_planks":2,"rankine:red_dacite":6,"stone_age:flint_workbench":1,"charcoal_pit:bellows":1,"stone_age:raw_hide":1,"rankine:flint_hoe":2,"rankine:gray_granite":3,"minecraft:iron_boots":1,"minecraft:clay_ball":159,"minecraft:stone_slab":5,"frostedheart:hide_jacket":1,"frostedheart:thermos":4,"immersiveengineering:hammer":2,"rankine:malachite":127,"rankine:asparagus_seeds":4,"rankine:bronze_shovel":6,"rankine:tufa_limestone":120,"minecraft:filled_map":3,"minecraft:stone":29,"minecraft:oak_button":1,"stone_age:drying_rack":1,"immersiveengineering:treated_wood_horizontal":14,"rankine:black_marble":5,"kubejs:invar_steel_plate":1,"frostedheart:copper_core_spade":1,"frostedheart:ceramic_bucket":5,"minecraft:iron_chestplate":4,"rankine:alloy_pickaxe":2,"kubejs:sawdust_briquette":2,"minecraft:stone_bricks":3,"rankine:komatiite":2,"minecraft:bow":3,"stone_age:stone_chest":2,"rankine:beehive_oven_pit":1},"minecraft:broken":{"rankine:bronze_axe":2,"rankine:bronze_pickaxe":2,"rankine:flint_axe":2,"rankine:flint_pickaxe":14,"rankine:invar_shovel":1,"rankine:flint_hoe":3,"rankine:flint_knife":1,"rankine:flint_shovel":2},"minecraft:killed_by":{"minecraft:pillager":1}},"DataVersion":2586}